kurs,q00_1,q00_2,q06_1,q06_20,q07_1,q08_1,q09_1,q15_1,q15_2,q15_3,q15_4,q15_5,q15_6,q15_7,q15_8,q15_9,q16_1,q16_2,q16_3,q16_4,q16_5,q16_6,q16_7,q16_8,q16_9,q16_10,q16_11,q16_12,q16_13,q16_14,q16_15,q16_16,q16_17,q16_18,q16_19,q16_20,q16_21,q16_22,q16_23,q16_24,q16_25,q16_26,q16_27,q16_28,q16_29,q16_30,q18_1,q18_2,q18_3,q18_4,q18_5,q18_6,q18_7,q18_8,q18_9,q18_10,q18_11,q18_12,q18_13,q18_14,q18_15,q18_16,q18_17,q18_18,q18_19,q18_20,q18_21,q18_22,q18_23,q18_24,q18_25,q18_26,q18_27,q18_28,q18_29,q18_30,q18_31,q18_32,q18_33,q18_34,q18_35,nr,q01
A,6,M,3,4, Weniger als 5 CHF, Bis 20 CHF,Android ,5,5,3,5,5,5,5,5,5,5,-1,2,-1,-1,-1,-1,-1,-1,-1,-1,-1,3,-1,3,-1,-1,-1,1,2,2,-1,-1,-1,-1,-1,-1,-1,4,3,3,4,4,5,5,4,4,5,5,3,3,-1,1,5,4,4,5,1,5,4,5,4,4,2,1,4,3,4,4,1,1,2,3,5,1,1,1602
A,6,W,2,4, Nichts, Bis 20 CHF,iPhone,5,5,4,5,5,5,5,5,5,5,1,5,5,1,1,5,1,2,1,5,3,1,1,1,1,3,1,1,1,1,1,4,1,1,1,4,1,4,4,5,5,5,5,5,4,4,5,5,4,4,4,3,3,4,4,5,3,5,5,4,4,3,2,2,5,2,5,5,3,3,5,4,5,4,2,2077
A,5,W,3,5, Weniger als 5 CHF, Bis 10 CHF,Android ,5,5,4,5,5,5,5,5,5,5,1,1,1,1,5,-1,1,4,1,3,1,5,2,1,1,1,1,1,1,1,1,2,1,5,1,1,1,3,3,4,4,5,5,5,4,4,5,5,5,5,1,1,4,4,5,5,5,5,5,5,3,5,1,1,5,4,5,5,1,1,3,3,5,4,3,1842
A,5,W,5,5, Weniger als 5 CHF, Mehr als 20 CHF,iPhone,5,5,5,5,5,5,5,5,5,5,-1,-1,5,-1,-1,-1,-1,-1,-1,4,-1,-1,-1,-1,-1,3,-1,-1,3,-1,-1,4,-1,-1,-1,-1,-1,3,1,5,1,-1,5,5,5,5,4,5,4,4,-1,-1,4,5,5,5,4,5,5,5,5,-1,-1,-1,5,3,5,3,-1,-1,4,4,5,4,4,1124
A,4,M,3,3, Bis 10 CHF, Bis 10 CHF,Android ,5,2,4,5,3,4,2,2,5,2,3,3,2,4,3,4,4,3,4,3,2,3,4,3,2,2,2,3,4,2,2,2,5,2,2,4,4,4,4,4,4,4,3,3,1,1,2,2,3,1,2,2,1,4,2,2,3,2,1,1,1,4,3,1,1,3,2,1,4,1,3,2,2,2,5,1647
A,5,M,4,3, Nichts, Nichts,Android ,5,5,-1,5,5,5,-1,5,5,5,-1,-1,-1,-1,-1,-1,-1,-1,-1,5,-1,-1,-1,-1,-1,-1,-1,-1,-1,-1,-1,-1,-1,-1,-1,-1,-1,-1,3,5,5,5,5,5,3,3,3,5,3,5,2,2,2,5,4,5,5,4,4,4,5,4,4,3,4,2,5,5,1,1,1,5,5,1,6,1938
A,5,W,2,6, Nichts, Bis 20 CHF,iPhone,5,2,4,3,3,5,5,2,2,5,3,2,2,1,1,1,1,1,1,1,1,1,1,1,1,3,1,1,1,1,4,1,1,4,1,1,1,4,1,5,4,5,5,5,2,4,5,5,5,5,2,1,5,5,5,5,4,5,5,5,1,1,1,1,3,1,5,5,1,1,5,5,5,1,7,1812
A,6,W,2,2, Nichts, Weniger als 5 CHF,iPhone,5,5,-1,5,5,5,-1,2,3,5,-1,-1,3,-1,-1,-1,-1,-1,-1,-1,-1,3,-1,4,-1,-1,1,-1,1,4,-1,-1,-1,-1,-1,-1,-1,1,2,4,2,4,5,5,2,2,4,5,3,3,1,2,4,4,4,5,5,5,5,5,3,4,1,1,4,4,5,2,-1,-1,4,4,5,1,8,2594
A,5,M,3,3, Nichts, Nichts,Android ,5,5,5,5,5,3,3,5,5,5,5,4,-1,-1,-1,-1,-1,-1,-1,5,-1,-1,-1,-1,-1,-1,-1,-1,-1,-1,-1,-1,-1,-1,-1,-1,-1,2,1,5,4,2,5,5,4,1,3,5,3,4,-1,1,4,5,2,5,1,5,5,5,1,3,-1,-1,5,1,3,1,-1,-1,1,4,5,5,9,1982
A,5,M,3,4, Nichts, Weniger als 5 CHF,iPhone,5,5,1,5,4,4,3,4,5,5,4,1,1,1,1,2,1,1,1,1,1,3,1,1,1,4,1,1,1,1,1,1,1,2,1,1,1,4,2,5,2,2,5,4,3,3,4,5,4,4,3,2,5,2,3,5,5,5,4,4,3,3,2,2,4,3,5,3,1,1,1,4,5,3,10,1920
A,5,W,4,3, Weniger als 5 CHF, Mehr als 20 CHF,iPhone,4,4,2,2,3,1,2,3,4,4,5,5,-1,-1,-1,3,-1,-1,-1,4,-1,-1,-1,-1,-1,4,-1,-1,-1,-1,-1,-1,-1,-1,-1,-1,-1,3,5,5,3,3,5,5,4,4,5,5,5,4,3,1,5,4,4,5,1,3,5,4,4,4,4,3,4,2,4,3,1,1,4,4,5,4,11,2484
A,5,W,1,3, Nichts, Mehr als 20 CHF,Android ,5,5,4,5,5,4,3,2,1,5,5,3,1,4,4,1,1,4,1,4,1,1,1,1,1,1,1,1,1,1,1,1,1,1,1,1,1,4,5,5,3,1,5,5,1,3,5,5,1,4,1,1,4,5,3,5,1,1,5,5,4,1,1,4,4,2,4,3,1,1,4,4,5,4,12,2070
A,2,M,1,1, Bis 10 CHF, Bis 10 CHF,iPhone,5,5,3,2,1,5,5,2,4,5,1,5,5,1,1,1,4,5,5,4,1,4,1,1,1,4,1,1,1,1,1,1,1,1,1,1,1,4,1,5,4,4,5,5,3,2,5,5,5,5,5,1,3,4,2,5,1,2,3,4,1,4,5,5,3,1,4,3,1,1,3,4,5,5,13,2027
A,5,M,2,3, Weniger als 5 CHF, Bis 20 CHF,iPhone,5,5,5,5,5,5,5,5,5,5,5,3,1,1,1,1,1,1,1,1,1,1,1,1,1,3,1,1,1,1,5,1,1,4,1,1,1,3,3,5,4,4,5,5,1,3,2,5,1,2,2,1,1,3,3,5,1,5,5,5,1,1,1,1,3,1,3,3,1,1,3,3,5,1,14,2427
A,5,W,3,2, Bis 10 CHF, Mehr als 20 CHF,iPhone,4,5,1,5,5,3,1,2,3,5,1,1,1,1,4,1,3,1,1,5,1,4,1,1,1,3,1,1,1,1,1,1,1,1,1,1,1,4,4,5,4,1,5,5,4,4,5,5,5,5,1,3,3,4,4,5,1,4,4,4,4,4,3,2,5,1,3,3,1,1,4,3,5,1,15,2163
A,4,M,3,3, Nichts, Nichts,Android ,5,5,5,-1,4,5,1,4,5,4,3,1,1,1,1,1,1,1,1,3,1,3,1,1,1,1,1,1,4,1,1,1,1,1,1,1,1,3,1,5,3,1,5,4,3,2,2,4,1,1,1,4,1,3,4,5,3,4,4,4,2,4,2,1,4,1,4,4,1,1,3,3,4,1,16,1447
A,5,W,2,3, Nichts, Mehr als 20 CHF,iPhone,5,5,4,5,4,4,5,4,4,5,1,1,4,1,1,1,1,1,1,5,3,1,1,3,1,1,1,1,2,2,1,1,1,1,1,1,1,3,1,2,1,4,5,3,3,4,4,5,3,3,4,1,4,4,3,4,2,4,5,4,4,1,1,1,3,2,4,2,1,1,3,4,5,1,17,2744
A,5,W,4,3, Nichts, Mehr als 20 CHF,Andere,5,5,4,5,4,5,5,4,3,5,3,5,3,1,1,2,3,1,2,1,1,1,1,2,1,2,1,1,1,2,1,1,4,5,1,1,1,3,4,5,1,1,5,5,1,4,5,5,3,3,3,1,4,3,3,5,4,5,5,5,1,2,1,3,4,1,4,1,1,1,1,1,5,1,18,1766
A,5,M,4,4, Weniger als 5 CHF, Mehr als 20 CHF,iPhone,5,4,5,4,5,5,5,5,5,5,4,1,2,1,1,1,1,2,1,2,2,2,1,1,2,4,1,1,5,1,4,4,1,1,1,1,3,3,4,4,2,5,5,4,4,4,5,5,1,4,1,2,5,2,5,5,4,5,5,4,5,4,1,1,5,3,4,4,1,1,3,4,5,3,19,1957
A,5,W,2,4, Weniger als 5 CHF, Nichts,iPhone,5,5,1,4,5,5,5,5,5,5,4,1,1,1,5,3,1,1,5,5,1,1,1,1,1,1,1,1,1,1,1,1,1,1,1,1,1,1,4,5,3,2,5,5,4,4,5,5,4,4,3,1,4,4,4,5,1,4,5,5,4,3,2,1,3,1,5,5,1,1,4,3,5,5,20,2422
A,7,W,4,5, Bis 10 CHF, Bis 20 CHF,Android ,5,5,1,3,5,4,-1,3,4,4,1,1,1,1,1,2,1,5,1,5,2,1,1,2,1,3,1,1,1,3,4,1,4,2,2,1,1,3,2,3,2,4,5,3,3,2,5,5,1,3,1,1,5,3,3,5,2,4,5,3,3,3,1,1,2,3,4,4,1,1,2,3,5,4,21,2046
A,6,W,4,5, Bis 10 CHF, Bis 20 CHF,iPhone,5,4,2,4,4,5,2,2,5,5,1,1,1,1,1,1,4,1,1,5,1,4,1,1,1,3,1,1,1,1,1,1,1,1,1,1,1,4,4,3,3,3,5,5,4,4,5,5,2,5,1,1,5,5,4,5,2,4,5,5,5,4,4,4,4,2,4,4,1,1,3,4,5,2,22,2232
A,5,W,4,3, Bis 10 CHF, Mehr als 20 CHF,iPhone,5,5,2,5,5,3,1,4,3,5,4,1,1,1,1,3,1,1,1,4,1,4,1,1,1,3,1,1,1,1,1,5,1,1,1,1,1,3,4,4,4,4,5,4,4,4,4,5,3,4,1,1,4,4,4,5,2,5,5,5,5,5,1,1,5,2,4,1,1,1,2,3,5,1,23,2691
A,6,W,4,5, Nichts, Mehr als 20 CHF,iPhone,5,5,1,5,5,5,5,5,4,4,3,3,1,1,1,1,4,1,1,4,1,5,1,1,1,3,1,1,1,2,1,4,1,1,1,1,1,3,1,5,4,5,5,4,4,4,5,5,2,3,4,1,3,3,3,5,2,1,5,4,5,4,4,1,4,1,4,4,1,1,3,4,5,1,24,1890
A,5,M,2,6, Bis 20 CHF, Bis 20 CHF,Android ,5,4,2,4,4,4,4,4,3,5,3,3,3,3,3,1,4,1,1,5,2,2,1,3,1,5,1,1,3,3,5,1,1,1,1,1,1,4,3,5,4,4,5,4,4,5,5,5,4,4,5,2,3,4,5,5,4,5,5,5,5,2,4,1,5,2,5,3,2,1,4,4,5,1,25,2763
A,4,W,1,4, Weniger als 5 CHF, Mehr als 20 CHF,Android ,5,4,5,4,5,4,4,4,5,5,1,1,4,1,1,1,1,1,1,4,4,1,1,1,1,1,1,1,1,2,1,3,1,1,1,1,1,3,3,5,3,4,5,4,4,4,5,5,1,4,3,1,3,4,4,5,1,4,4,4,5,1,1,1,5,4,5,2,1,1,2,4,5,2,26,2102
A,4,W,1,4, Nichts, Bis 10 CHF,iPhone,5,5,4,5,5,5,5,5,5,4,1,1,1,1,1,1,1,1,1,1,1,1,1,1,1,3,1,1,1,1,1,1,1,2,1,1,1,3,1,5,3,1,1,5,1,3,3,5,3,3,1,1,1,3,3,5,1,5,5,5,2,1,2,1,2,1,1,5,1,1,4,4,4,1,27,2791
A,7,W,4,5, Bis 20 CHF, Mehr als 20 CHF,iPhone,5,5,2,5,5,3,3,1,3,5,4,5,1,1,5,1,1,3,1,5,1,3,1,1,1,1,5,1,1,1,2,1,1,3,1,1,1,2,1,5,4,5,5,3,3,3,3,5,5,2,2,1,2,3,3,5,1,5,5,5,3,3,1,1,4,2,4,4,1,1,4,5,5,3,28,2229
A,5,M,1,1,NA,NA,Android ,5,5,3,4,4,5,4,4,4,5,4,1,1,1,1,1,1,1,1,5,1,1,1,1,1,1,1,1,1,1,1,1,1,1,1,1,1,3,2,4,2,4,5,4,1,2,4,5,2,3,1,1,4,3,3,5,1,4,1,5,1,1,1,1,4,1,4,3,1,1,2,4,5,1,29,1460
A,3,W,4,3, Bis 10 CHF, Bis 10 CHF,iPhone,5,5,5,5,5,5,5,5,5,5,1,1,1,1,1,1,1,1,1,1,1,4,1,1,1,1,1,1,1,1,1,1,1,1,1,1,1,2,5,3,2,4,5,5,1,1,5,5,5,5,5,1,1,5,4,5,1,1,5,3,5,2,1,2,4,1,5,5,1,1,3,4,5,1,30,2004
A,5,M,4,4,NA,NA,Android ,1,1,1,1,1,1,1,1,1,2,2,2,-1,-1,-1,3,-1,4,-1,3,-1,-1,-1,-1,-1,4,-1,-1,-1,-1,-1,-1,-1,3,-1,-1,-1,3,-1,2,5,-1,2,2,-1,-1,3,4,2,2,4,-1,-1,-1,4,2,-1,5,5,3,3,5,5,-1,2,4,2,2,-1,-1,4,2,-1,4,31,2527
A,4,W,2,3, Nichts, Nichts,Android ,5,5,1,5,5,5,5,4,4,5,5,5,2,1,1,1,1,1,1,1,1,1,1,1,1,4,1,1,1,2,1,1,1,1,1,1,1,2,1,4,2,3,5,4,1,1,4,5,3,3,3,1,2,3,3,4,2,3,5,4,4,2,1,1,2,1,4,2,1,1,2,3,4,2,32,1993
A,5,W,3,4, Nichts, Mehr als 20 CHF,Android ,5,5,1,5,4,3,3,3,2,5,1,5,2,1,1,1,3,1,1,5,1,3,5,4,1,1,1,1,1,4,1,1,1,1,1,1,1,3,2,5,3,2,4,3,2,3,5,5,3,3,3,1,4,4,4,4,3,2,4,5,4,3,5,1,3,1,5,1,1,1,3,4,2,2,33,2653
A,4,W,1,3, Nichts, Bis 20 CHF,iPhone,5,4,1,4,5,5,5,5,5,5,1,4,1,1,1,1,1,1,1,4,1,4,1,1,1,3,1,1,1,1,1,1,1,4,1,1,1,1,4,5,3,4,5,5,4,4,4,5,2,3,1,1,1,5,4,5,3,5,4,4,4,4,1,3,2,4,5,3,1,1,1,3,4,1,34,2326
A,6,M,5,5, Nichts, Bis 20 CHF,iPhone,5,5,5,5,5,5,5,5,5,5,2,3,1,1,5,1,1,1,1,5,4,4,1,1,1,4,1,1,4,1,1,1,1,1,1,1,1,2,2,5,5,2,5,2,1,1,2,5,2,2,1,1,4,3,3,4,4,5,5,5,5,4,1,1,1,1,5,5,1,1,2,4,5,1,35,2799
A,5,W,2,2, Nichts, Nichts,iPhone,5,4,1,3,4,5,-1,2,5,5,5,1,1,1,1,2,1,4,1,1,1,3,1,2,1,1,1,1,1,2,1,1,1,2,1,1,1,4,1,4,2,4,5,4,1,1,4,5,5,2,1,1,4,1,4,5,2,5,5,4,2,2,1,1,4,2,4,4,1,1,2,1,4,4,36,2752
A,5,W,4,4, Nichts, Mehr als 20 CHF,iPhone,5,5,4,5,5,5,5,5,5,4,4,4,1,1,1,1,1,1,1,5,1,1,1,1,1,1,1,1,1,1,1,1,1,2,1,1,1,2,3,5,3,4,5,5,5,5,2,5,4,4,4,1,4,4,5,5,1,3,5,5,5,4,1,1,5,1,5,3,1,1,3,4,5,1,37,2251
A,5,M,2,4, Nichts, Mehr als 20 CHF,Android ,5,2,4,2,5,5,5,4,4,4,4,-1,-1,3,-1,2,-1,-1,-1,5,-1,-1,-1,3,-1,-1,-1,-1,3,2,3,2,-1,3,-1,-1,-1,3,3,4,3,3,5,4,2,3,4,4,4,3,-1,-1,-1,3,3,4,4,5,5,4,4,3,-1,-1,4,2,3,2,-1,-1,3,4,5,-1,38,2277
A,5,M,3,4, Nichts, Mehr als 20 CHF,Android ,5,5,3,5,5,5,5,5,3,5,3,5,1,2,1,1,1,1,1,5,1,1,1,3,1,4,1,1,3,3,4,1,2,3,1,1,1,3,1,4,4,2,5,5,3,4,4,5,3,4,4,1,4,3,4,5,2,4,3,5,4,4,1,1,4,1,5,5,1,1,3,4,5,1,39,2502
A,4,M,2,4, Bis 20 CHF, Bis 20 CHF,iPhone,5,5,5,5,5,5,5,5,5,5,1,1,1,1,1,1,1,1,4,5,1,1,1,1,3,1,1,1,1,1,1,1,1,1,1,1,1,3,1,4,3,1,5,5,3,1,1,5,1,3,1,1,3,3,3,4,4,4,5,4,1,1,1,1,5,1,4,4,1,1,4,1,1,1,40,1990
A,5,W,3,4, Bis 20 CHF, Mehr als 20 CHF,Android ,-1,4,4,-1,-1,5,-1,5,4,5,5,4,1,1,1,4,1,5,1,1,1,1,1,1,1,5,1,1,1,1,1,5,1,1,1,1,1,4,4,5,2,3,5,4,3,3,5,5,4,3,2,1,4,4,3,4,1,5,5,2,4,2,3,2,4,3,4,4,2,1,3,4,5,3,41,2618
A,6,M,4,3, Bis 10 CHF, Bis 20 CHF,iPhone,5,5,4,5,5,5,5,5,5,5,1,1,5,1,1,1,1,1,1,5,1,3,1,1,1,1,1,1,1,3,1,4,1,1,1,1,1,3,3,5,4,3,5,5,3,3,4,5,4,4,4,4,5,4,4,5,3,4,5,4,4,4,3,2,3,1,4,3,1,1,3,4,5,4,42,2049
A,7,M,2,1, Nichts, Nichts,iPhone,5,4,-1,4,4,2,3,4,2,5,5,1,1,1,1,1,1,1,1,1,1,1,1,1,1,1,1,1,1,1,1,1,1,1,1,1,1,4,1,4,1,3,5,4,1,4,3,5,1,3,1,1,3,5,4,5,2,5,5,5,2,1,1,1,1,1,4,4,1,1,1,3,1,1,43,2317
A,6,W,4,4, Bis 20 CHF, Mehr als 20 CHF,iPhone,5,5,4,5,5,5,5,5,5,4,1,1,1,1,1,3,1,1,1,1,1,3,1,1,1,1,1,1,1,1,1,1,1,1,1,1,1,1,1,4,3,4,5,5,3,2,4,5,4,4,2,2,1,4,3,5,3,5,5,4,5,1,1,1,5,4,5,2,1,1,4,4,-1,1,44,2289
A,5,M,4,4, Weniger als 5 CHF, Mehr als 20 CHF,iPhone,4,5,1,3,3,2,3,4,3,4,1,2,4,4,1,3,1,2,2,5,3,1,1,1,1,2,1,1,1,1,2,2,1,1,1,1,1,3,2,4,3,5,5,4,4,4,4,5,3,3,3,1,2,3,3,5,3,3,5,5,5,3,2,1,5,2,5,-1,-1,-1,3,3,5,4,45,2235
A,5,M,2,3, Nichts, Nichts,iPhone,5,5,5,5,5,5,5,5,5,5,1,1,3,1,1,3,1,2,1,5,4,4,1,3,1,3,1,1,3,1,1,1,1,1,1,1,2,3,1,5,5,2,5,5,2,4,5,5,5,4,1,1,4,4,4,5,5,5,5,5,5,1,1,1,4,1,3,3,1,1,5,4,5,5,46,1946
A,4,M,3,3, Nichts, Mehr als 20 CHF,iPhone,5,5,1,5,5,5,5,5,5,5,1,1,1,1,1,1,1,1,4,4,1,1,1,1,1,1,1,1,3,1,1,3,1,1,1,1,1,1,1,5,4,4,5,4,4,4,4,5,1,3,1,1,3,1,4,5,1,5,5,5,5,4,1,1,4,1,1,4,1,1,4,4,5,4,47,1857
A,4,W,3,5, Weniger als 5 CHF, Bis 20 CHF,iPhone,5,4,1,4,5,4,3,4,3,4,1,1,1,1,1,1,1,1,1,5,1,4,1,1,1,1,1,1,5,1,1,1,1,1,1,1,1,4,1,4,4,1,5,3,1,4,2,5,1,3,1,1,1,4,4,4,5,3,4,5,5,2,1,1,3,1,3,2,1,1,3,4,5,1,48,2191
A,5,M,5,3, Weniger als 5 CHF, Mehr als 20 CHF,Android ,5,5,5,5,5,5,4,4,4,5,3,4,2,1,1,1,1,4,5,4,4,4,1,1,1,1,2,2,4,1,3,1,2,5,1,3,1,3,1,5,3,3,5,4,2,2,4,5,5,4,4,1,5,3,3,5,4,4,4,4,4,4,1,2,4,1,4,4,4,4,4,4,5,3,49,2402
A,4,M,4,4, Nichts, Bis 10 CHF,Android ,5,5,1,4,5,5,4,4,3,5,1,1,1,1,5,2,1,1,1,4,4,1,1,3,1,3,2,3,4,4,1,1,1,1,1,1,1,4,3,4,4,3,5,5,4,4,4,4,3,4,4,1,4,4,4,4,4,5,4,4,3,3,1,2,4,3,4,2,2,1,2,4,5,1,50,2252
A,7,M,2,6,NA,NA,Android ,5,5,2,5,5,2,3,5,5,5,5,5,1,1,1,1,3,1,1,5,1,1,1,1,1,3,1,1,1,1,1,1,1,5,1,5,-1,5,3,5,4,1,5,5,4,5,5,5,5,5,5,1,5,5,5,5,1,5,5,5,5,4,4,1,1,3,5,5,1,5,3,5,5,1,51,1249
A,5,M,2,4, Nichts, Nichts,Android ,5,5,2,5,5,5,4,4,4,5,1,4,1,5,4,1,2,1,1,4,4,1,1,1,1,1,1,1,1,1,5,1,1,1,1,1,1,4,3,5,2,2,5,4,2,2,4,5,4,3,2,1,5,4,3,5,1,1,1,5,5,4,3,3,4,1,5,5,1,1,3,3,4,3,52,2074
A,6,M,4,4, Nichts, Mehr als 20 CHF,Android ,3,5,2,5,3,3,4,3,4,4,-1,-1,-1,3,4,-1,-1,2,-1,-1,-1,4,-1,-1,-1,-1,-1,-1,4,-1,4,-1,-1,-1,-1,-1,-1,-1,1,4,2,4,5,3,2,4,3,5,3,3,3,2,3,3,4,5,2,4,4,5,4,1,1,1,4,4,5,2,2,-1,2,3,5,1,53,1862
A,5,W,2,5, Nichts, Bis 10 CHF,Android ,5,5,4,5,5,5,5,5,4,4,1,4,1,1,1,1,1,1,1,3,4,1,1,2,1,3,1,1,3,2,5,1,1,4,1,1,1,1,2,3,1,2,5,4,2,2,5,5,5,4,4,1,3,4,3,4,3,2,4,4,5,4,1,1,4,1,4,2,1,1,3,3,4,1,54,2574
A,4,W,2,3, Weniger als 5 CHF, Bis 20 CHF,Android ,-1,5,2,1,5,3,2,2,2,-1,1,1,1,1,1,2,1,1,1,1,1,1,1,1,1,2,1,1,1,1,1,1,1,2,1,1,1,4,2,-1,4,5,-1,-1,3,4,-1,4,3,4,2,1,3,5,5,-1,2,3,-1,-1,1,3,1,3,-1,2,-1,-1,2,2,3,4,-1,1,55,1846
A,4,W,5,4, Nichts, Bis 20 CHF,iPhone,5,5,5,5,5,5,5,5,5,5,4,4,3,1,1,3,1,1,1,1,1,5,1,1,1,1,1,1,1,1,1,3,5,5,1,1,1,4,1,5,3,4,5,5,3,3,5,5,5,5,5,2,4,3,3,5,1,5,5,3,5,5,1,1,5,2,5,3,1,1,4,4,4,1,56,1912
A,6,M,3,2, Weniger als 5 CHF, Bis 10 CHF,iPhone,5,5,3,5,5,5,5,5,5,5,1,1,1,1,1,1,1,5,1,4,1,1,1,1,1,1,1,1,2,1,4,1,1,2,1,1,1,2,2,3,4,2,5,5,4,4,4,1,4,5,1,1,4,4,3,2,2,4,4,3,4,4,2,4,5,4,5,5,2,3,4,3,4,4,57,1466
A,5,M,2,4, Weniger als 5 CHF, Weniger als 5 CHF,Android ,5,5,2,-1,5,5,-1,3,3,4,5,1,1,5,1,2,1,1,1,1,1,1,2,1,2,1,2,1,3,1,1,1,1,5,1,1,1,3,1,2,2,1,4,3,2,3,5,5,2,2,2,1,1,2,2,3,1,3,3,4,1,1,1,1,3,2,4,4,2,1,1,1,3,1,58,1913
A,6,W,4,4, Nichts, Bis 20 CHF,iPhone,5,5,2,5,5,5,5,5,5,4,4,1,4,1,1,3,1,2,1,5,1,4,3,1,1,1,1,1,1,1,1,1,1,1,1,1,1,4,5,5,3,4,5,5,2,2,5,5,5,3,-1,1,4,4,4,4,3,5,5,5,5,2,1,1,4,1,4,3,-1,-1,2,3,5,2,59,1573
A,4,W,2,2, Weniger als 5 CHF, Weniger als 5 CHF,iPhone,5,4,4,4,5,4,5,5,4,5,2,2,5,1,1,2,2,1,5,4,1,1,1,1,1,3,1,1,1,1,1,2,1,4,1,1,1,3,1,4,4,1,5,4,1,1,5,4,4,4,1,1,4,4,4,5,1,5,4,4,1,2,1,1,1,1,4,4,1,1,1,4,3,4,60,1758
A,6,W,2,5, Nichts, Bis 10 CHF,iPhone,5,5,4,5,5,5,5,5,5,4,1,4,5,1,1,1,3,1,1,1,1,5,1,1,1,3,1,1,1,1,1,3,1,1,1,1,4,4,3,5,4,2,5,5,1,1,5,5,2,4,1,1,5,2,2,5,1,5,5,5,5,4,4,4,5,1,5,5,1,1,3,3,5,1,61,2018
A,6,M,5,3, Weniger als 5 CHF, Mehr als 20 CHF,iPhone,5,5,4,-1,5,5,5,4,5,5,3,1,1,1,1,2,1,1,1,5,1,3,1,4,1,2,4,1,4,3,1,1,1,1,1,1,1,4,1,4,1,4,5,5,4,4,4,5,4,3,3,1,5,4,3,5,4,5,5,4,4,2,1,2,4,2,4,3,1,1,3,3,5,4,62,1820
A,6,M,2,5, Nichts, Mehr als 20 CHF,Android ,5,5,4,5,5,5,5,5,5,5,5,-1,-1,5,-1,-1,3,-1,5,5,-1,4,-1,-1,2,-1,-1,-1,2,-1,-1,3,-1,-1,-1,-1,-1,4,2,4,4,1,5,4,3,1,4,4,4,4,4,1,5,3,3,4,4,5,5,5,5,4,3,3,4,2,4,4,1,1,2,3,5,4,63,2022
A,5,M,2,3, Nichts, Nichts,Android ,5,5,2,5,3,2,2,2,5,4,1,1,1,3,1,1,1,1,1,1,1,1,3,1,1,3,1,1,1,1,1,1,1,2,1,1,1,4,2,2,1,1,5,4,2,3,4,3,4,4,3,1,3,2,3,5,1,3,5,2,4,2,1,1,3,1,3,4,1,1,1,2,3,1,64,1245
A,3,M,1,3, Bis 10 CHF, Bis 20 CHF,Mobiltelefon,NA,NA,NA,NA,NA,NA,NA,NA,NA,5,4,1,5,-1,-1,2,2,-1,-1,-1,-1,-1,1,4,-1,2,2,-1,4,4,2,2,-1,2,1,-1,-1,3,2,NA,NA,NA,NA,NA,NA,NA,NA,NA,NA,NA,NA,NA,NA,NA,NA,NA,NA,NA,NA,NA,NA,NA,NA,NA,NA,NA,NA,NA,NA,NA,NA,NA,NA,NA,65,2763
A,5,W,2,4, Nichts, Bis 20 CHF,iPhone,5,5,5,5,5,5,5,5,4,4,2,-1,-1,-1,-1,-1,-1,-1,2,4,-1,4,-1,-1,3,-1,-1,-1,4,2,4,4,-1,5,-1,-1,-1,-1,-1,5,3,4,5,5,-1,-1,5,5,4,4,-1,5,4,-1,3,4,3,5,5,5,5,3,-1,-1,4,1,4,4,-1,-1,3,4,5,4,66,1920
A,4,W,4,4, Bis 10 CHF, Bis 20 CHF,iPhone,5,5,-1,5,5,5,-1,5,5,5,4,-1,-1,-1,5,3,-1,-1,-1,-1,-1,-1,-1,-1,-1,-1,-1,-1,-1,-1,-1,-1,-1,5,-1,-1,-1,-1,-1,5,3,1,5,5,4,4,5,5,5,3,5,3,5,4,5,5,5,4,5,5,3,-1,-1,3,-1,5,2,1,-1,5,5,5,5,-1,67,2490
A,6,M,5,3, Nichts, Bis 20 CHF,Android ,5,5,2,5,4,3,-1,5,4,4,-1,-1,-1,2,-1,-1,-1,-1,-1,5,-1,-1,-1,-1,-1,-1,-1,-1,-1,-1,-1,-1,-1,-1,-1,-1,-1,-1,1,5,2,4,5,5,3,2,3,5,1,4,1,3,3,2,2,5,5,5,5,5,2,3,1,2,4,1,4,3,1,1,1,4,4,3,68,2327
A,7,W,5,4, Weniger als 5 CHF, Nichts,iPhone,-1,-1,1,-1,-1,-1,-1,-1,-1,4,5,4,2,-1,-1,-1,-1,-1,-1,-1,-1,2,-1,-1,-1,-1,-1,-1,-1,-1,4,-1,-1,3,-1,-1,-1,2,4,5,4,4,5,4,2,2,4,5,3,4,2,1,3,3,3,4,2,5,5,3,4,3,2,1,4,2,4,4,1,1,3,3,5,1,69,1504
A,6,W,2,3, Weniger als 5 CHF, Weniger als 5 CHF,iPhone,5,4,2,3,4,5,5,5,4,5,4,4,1,1,1,1,2,5,1,1,1,3,1,1,1,2,4,1,1,1,1,2,1,1,1,1,1,1,4,4,3,4,5,5,2,2,4,5,4,4,4,1,3,3,3,4,2,5,5,4,4,3,3,1,4,4,4,4,1,1,3,1,5,4,70,2286
A,6,W,4,5, Nichts,NA,iPhone,5,5,5,5,5,4,5,5,5,5,4,4,2,1,5,1,1,1,1,5,1,1,2,1,1,1,4,1,1,3,1,4,1,4,1,1,1,4,4,5,4,4,5,5,3,4,4,5,3,3,3,1,5,3,3,5,2,5,5,5,5,4,2,1,5,3,5,4,1,2,3,4,5,1,71,2371
A,5,W,3,4, Nichts, Bis 20 CHF,Android ,5,4,4,3,5,4,5,5,4,2,5,2,-1,-1,-1,2,-1,-1,-1,-1,-1,-1,-1,-1,-1,2,-1,-1,-1,-1,-1,-1,-1,-1,-1,-1,-1,4,-1,4,2,3,5,5,2,1,5,1,3,4,4,3,1,4,2,5,3,3,5,5,1,1,1,1,5,2,4,2,1,1,2,1,5,1,72,1502
A,6,W,4,5, Nichts, Bis 20 CHF,Android ,5,2,2,2,5,5,5,5,5,5,5,1,2,1,1,2,1,1,1,5,1,3,1,1,1,1,1,1,1,1,5,1,1,1,1,1,1,1,5,5,4,4,5,5,1,1,5,5,1,5,1,1,4,4,4,5,1,5,5,4,5,4,1,1,4,1,3,3,1,1,3,3,5,1,73,1488
A,6,M,4,4, Bis 20 CHF, Mehr als 20 CHF,iPhone,5,5,5,5,5,5,5,5,5,4,1,4,3,1,1,1,1,1,5,5,5,3,1,1,1,1,1,1,5,1,1,2,-1,1,5,5,-1,3,2,5,4,4,5,5,3,3,5,5,4,4,3,5,5,4,3,5,4,5,5,5,5,4,1,1,4,1,4,1,1,5,4,4,5,3,74,2055
A,3,M,1,3, Weniger als 5 CHF, Mehr als 20 CHF,iPhone,5,5,1,5,5,5,5,5,5,4,-1,-1,4,-1,-1,-1,-1,-1,-1,-1,-1,-1,-1,-1,-1,-1,-1,-1,-1,-1,-1,-1,-1,-1,-1,-1,-1,-1,-1,5,4,-1,5,5,4,-1,5,5,4,4,4,-1,5,4,4,5,-1,5,5,5,4,-1,-1,-1,4,-1,5,4,-1,-1,-1,4,5,-1,75,2253
A,6,W,4,5, Nichts, Nichts,iPhone,5,5,5,5,5,5,-1,5,5,5,1,1,1,1,1,1,1,1,1,5,3,1,1,1,1,1,1,1,1,1,1,4,1,4,1,1,1,3,2,5,2,1,5,4,4,4,5,5,4,4,4,1,5,4,4,5,1,3,5,5,5,2,1,1,5,1,5,5,1,1,4,4,5,1,76,2226
A,5,M,1,3, Nichts, Nichts,iPhone,5,5,1,5,4,5,4,5,2,4,4,1,1,1,1,1,1,1,1,1,1,1,1,1,1,1,1,1,2,1,1,1,1,1,1,1,1,1,1,4,1,4,5,5,1,3,1,5,1,1,1,1,1,1,2,3,1,1,5,5,2,1,1,1,2,1,5,1,1,1,1,3,1,1,77,1414
A,4,W,1,4, Nichts,NA,Android ,5,4,3,5,5,5,4,5,4,5,1,4,1,1,1,2,1,1,1,1,1,1,1,2,1,3,1,1,1,1,1,1,1,1,1,1,1,2,1,4,4,2,5,4,3,4,5,5,4,3,1,1,2,3,1,3,3,1,5,4,4,4,2,1,4,2,4,4,3,1,2,3,4,1,78,2250
A,4,M,2,3, Nichts, Bis 10 CHF,Android ,3,3,1,3,1,2,2,2,2,5,1,1,1,1,1,1,1,5,1,4,1,4,1,1,1,1,1,1,4,1,4,1,1,1,1,1,1,1,4,5,1,1,5,4,1,4,5,5,4,4,1,1,1,3,2,4,1,3,5,4,4,1,1,1,4,2,3,3,1,1,2,3,5,1,79,2402
A,5,M,4,4, Nichts, Nichts,iPhone,5,5,5,5,5,5,5,5,5,5,-1,5,5,-1,-1,-1,-1,-1,5,4,5,-1,4,1,1,4,4,1,1,1,1,3,1,4,1,1,5,1,5,5,4,4,5,5,4,4,5,5,4,4,4,3,4,4,3,5,1,4,1,2,2,5,4,4,5,3,4,4,1,1,2,3,3,4,80,2589
A,5,W,4,3, Nichts, Bis 20 CHF,Android ,5,4,4,2,4,4,5,3,4,5,2,5,-1,2,-1,-1,2,-1,-1,5,5,-1,-1,-1,-1,2,4,-1,-1,-1,-1,-1,-1,2,-1,-1,-1,3,4,5,3,2,5,4,2,2,5,-1,4,3,3,-1,4,4,4,5,1,2,5,2,3,5,-1,5,5,1,4,4,-1,-1,2,3,5,-1,81,2216
A,4,M,3,4, Nichts, Bis 10 CHF,iPhone,5,5,5,4,3,2,2,4,5,4,4,3,5,-1,-1,-1,-1,3,-1,5,-1,3,1,2,-1,4,-1,-1,1,1,-1,-1,-1,2,-1,3,-1,4,-1,5,2,1,5,4,2,1,5,5,-1,4,2,-1,5,3,5,5,3,2,2,4,5,1,2,-1,2,3,5,4,3,2,2,4,5,3,82,1654
A,6,M,4,5, Nichts, Mehr als 20 CHF,Android ,5,5,4,5,3,5,4,5,4,5,-1,4,-1,4,5,4,-1,-1,-1,3,-1,5,-1,-1,-1,4,-1,-1,-1,-1,-1,-1,-1,-1,-1,4,-1,3,1,4,4,1,5,5,-1,4,3,5,4,3,2,4,5,4,3,5,3,4,4,3,1,2,1,1,4,1,5,5,3,1,3,4,5,1,83,1762
A,4,M,2,3, Weniger als 5 CHF, Bis 20 CHF,iPhone,4,5,1,5,5,3,3,2,2,5,2,-1,-1,-1,-1,-1,-1,-1,-1,5,-1,-1,-1,2,-1,-1,-1,-1,2,-1,-1,-1,-1,-1,5,-1,-1,2,2,4,4,5,5,4,1,1,3,5,2,3,-1,-1,-1,3,-1,5,-1,5,5,4,5,4,-1,-1,-1,-1,5,5,-1,-1,2,3,5,1,84,1994
A,6,W,1,2, Nichts, Nichts,Android ,5,5,5,5,5,5,5,5,5,5,1,1,1,1,1,2,1,5,5,3,3,1,1,1,1,1,1,1,1,1,2,1,1,1,1,1,1,3,4,5,3,3,5,5,2,3,4,5,5,4,4,1,4,3,3,5,1,4,4,5,3,2,1,2,5,3,4,4,1,1,3,3,4,4,85,2099
A,4,W,2,5, Weniger als 5 CHF, Mehr als 20 CHF,iPhone,5,4,2,3,5,2,3,1,2,5,1,5,1,1,1,1,1,1,1,5,4,1,1,1,1,1,3,1,1,1,4,1,1,1,1,1,1,1,5,5,3,5,5,5,3,4,5,5,5,4,1,1,1,1,4,5,3,5,5,5,4,4,1,3,5,1,5,5,1,1,4,4,5,3,86,1364
A,5,W,3,4, Nichts, Nichts,Android ,5,-1,4,-1,5,5,-1,-1,4,4,1,3,1,1,5,1,2,5,1,2,1,1,1,1,1,1,1,1,1,2,2,1,1,1,1,1,1,2,1,5,2,2,5,4,3,4,5,1,2,4,1,1,5,3,4,5,4,1,5,4,5,5,1,1,4,2,3,2,1,1,2,3,4,1,87,2489
A,4,W,1,3, Nichts, Mehr als 20 CHF,iPhone,5,5,5,5,5,5,5,5,5,5,1,1,1,1,1,1,1,1,1,5,4,4,1,1,1,1,1,1,1,1,1,4,1,1,1,1,1,4,1,5,4,5,5,4,4,3,5,5,1,5,1,1,5,4,4,5,1,5,4,4,1,1,1,1,5,3,5,1,1,1,3,3,5,3,88,1689
A,5,W,3,3, Weniger als 5 CHF, Mehr als 20 CHF,iPhone,5,4,1,4,4,4,5,4,4,4,5,-1,-1,-1,-1,3,-1,3,-1,4,-1,-1,5,-1,-1,-1,-1,-1,-1,-1,-1,-1,-1,4,-1,-1,-1,3,5,5,2,2,5,4,3,2,3,5,4,3,4,-1,4,4,4,5,2,4,5,4,-1,2,-1,-1,4,-1,4,2,-1,-1,2,3,4,2,89,1804
A,5,W,2,4,NA, Bis 20 CHF,Android ,5,5,-1,5,5,5,5,5,5,3,1,-1,1,1,1,1,1,1,1,5,1,5,1,1,1,2,1,1,1,1,5,1,1,1,1,1,1,3,1,4,2,4,5,3,1,1,4,5,5,5,5,1,1,2,3,4,1,4,4,5,5,3,1,1,1,3,5,5,1,1,4,4,5,2,90,2303
A,5,W,2,4, Weniger als 5 CHF, Mehr als 20 CHF,iPhone,5,5,1,5,5,4,5,5,5,4,2,-1,-1,-1,5,2,-1,4,-1,5,-1,4,-1,-1,-1,-1,-1,-1,-1,-1,-1,-1,-1,-1,-1,-1,-1,3,5,5,2,4,5,4,-1,3,5,5,5,4,2,-1,-1,4,4,5,2,5,5,5,4,-1,2,-1,5,-1,5,1,-1,-1,3,4,5,4,91,2671
A,5,W,2,1, Nichts, Bis 20 CHF,iPhone,5,5,5,5,5,5,5,5,5,5,2,-1,1,1,1,1,1,1,1,5,3,2,1,1,1,3,1,1,1,1,1,4,1,1,1,1,1,4,2,5,5,5,5,5,4,4,5,5,5,5,2,1,4,4,5,4,1,5,5,4,5,4,4,1,4,4,5,5,1,1,3,3,5,3,92,2444
A,5,M,4,5, Bis 20 CHF, Mehr als 20 CHF,iPhone,5,3,5,3,5,5,5,5,5,5,5,5,5,1,1,1,1,5,5,5,5,5,1,1,1,3,1,3,1,1,3,1,1,1,1,5,1,1,1,4,1,5,5,4,1,3,4,5,1,1,1,1,5,2,2,5,4,5,5,5,5,3,1,1,4,1,3,1,1,5,5,4,5,5,93,1751
A,5,W,3,2, Nichts, Bis 10 CHF,iPhone,5,5,1,5,5,5,5,1,1,5,1,1,5,1,1,1,1,5,1,5,1,1,1,1,1,1,1,1,1,1,1,1,1,1,1,1,1,1,1,5,4,1,5,3,1,1,5,5,1,1,1,1,1,1,4,5,1,1,5,4,3,3,1,5,5,1,5,1,1,1,3,3,5,5,94,1957
A,6,M,5,4, Weniger als 5 CHF, Weniger als 5 CHF,Android ,2,5,3,-1,4,2,2,1,4,4,5,5,-1,-1,-1,-1,-1,-1,-1,5,-1,-1,-1,3,-1,-1,-1,-1,-1,-1,-1,-1,-1,-1,-1,-1,-1,-1,-1,5,4,5,5,4,4,-1,-1,5,-1,5,-1,3,-1,-1,5,-1,4,2,5,5,3,-1,-1,-1,5,-1,4,-1,-1,-1,2,-1,5,-1,95,2009
A,6,W,4,5, Nichts, Mehr als 20 CHF,iPhone,4,5,2,5,4,2,3,3,2,5,1,1,2,1,1,1,4,2,-1,-1,-1,-1,-1,-1,-1,4,3,-1,-1,-1,-1,-1,-1,-1,3,5,-1,2,2,5,4,4,5,3,2,4,5,5,2,4,4,3,4,2,3,4,1,1,3,4,5,4,3,3,4,1,3,4,1,4,5,5,5,2,96,2207
A,3,W,2,3, Nichts, Weniger als 5 CHF,iPhone,5,4,-1,4,5,5,-1,2,5,4,-1,2,-1,-1,-1,-1,2,-1,-1,5,-1,-1,-1,3,-1,-1,-1,-1,-1,-1,1,-1,-1,-1,-1,-1,-1,2,2,5,1,1,5,4,1,2,5,5,5,3,1,1,1,2,3,5,1,1,3,5,2,1,2,1,3,1,5,5,-1,-1,2,3,5,1,97,2599
A,5,M,3,5, Weniger als 5 CHF, Bis 20 CHF,iPhone,5,5,1,5,5,5,3,5,4,5,-1,-1,-1,-1,-1,-1,-1,-1,-1,-1,-1,-1,-1,-1,-1,4,-1,-1,-1,-1,-1,-1,-1,4,-1,-1,-1,4,2,4,3,2,5,5,4,4,5,5,5,5,3,2,5,5,5,5,2,5,5,5,5,2,3,2,5,-1,5,5,2,1,1,5,5,4,98,2155
A,6,W,2,3, Weniger als 5 CHF, Bis 20 CHF,iPhone,5,5,5,5,5,5,5,5,5,3,1,1,3,1,5,1,3,1,1,1,1,1,1,1,1,5,1,1,1,1,1,1,1,1,1,1,1,5,1,3,1,1,5,4,1,5,1,5,5,5,1,1,1,1,4,5,1,5,5,3,5,2,3,3,4,1,5,1,1,1,4,4,5,5,99,1838
A,4,M,3,2, Weniger als 5 CHF, Mehr als 20 CHF,Android ,1,1,5,1,2,1,1,1,3,5,1,1,1,1,1,1,1,1,1,1,1,1,1,1,1,1,1,1,4,1,1,1,1,1,1,1,1,4,4,4,4,4,4,4,1,4,5,5,5,5,5,1,5,3,3,5,1,5,5,5,4,3,1,1,4,1,3,3,1,1,1,4,5,5,100,2784
A,6,M,1,2,NA,NA,Android ,4,3,1,3,4,2,2,2,2,5,1,1,1,1,1,1,1,1,1,3,1,2,1,2,1,1,1,1,4,3,1,1,1,1,1,1,1,4,3,5,2,2,5,5,2,3,3,5,1,2,1,3,4,4,5,5,2,5,4,5,2,1,1,1,4,1,5,2,1,1,5,4,5,1,101,2916
A,6,M,6,5, Weniger als 5 CHF, Bis 20 CHF,iPhone,5,5,4,2,5,5,5,4,4,5,-1,3,5,-1,-1,-1,2,1,4,5,-1,3,1,3,-1,-1,-1,2,4,-1,-1,4,-1,-1,-1,5,-1,3,1,4,4,2,5,5,3,4,5,5,5,3,1,1,2,3,4,5,4,4,5,5,5,4,3,1,4,2,4,4,1,1,3,4,5,4,102,2576
A,4,M,1,4, Nichts, Nichts,Android ,5,5,1,5,5,5,5,5,5,5,3,1,1,1,2,3,1,1,1,1,1,1,1,1,1,2,1,4,1,1,4,1,1,1,1,1,1,2,1,4,3,1,5,5,1,2,4,5,3,4,3,1,5,3,3,4,1,2,2,4,4,1,1,1,3,1,3,3,1,1,2,3,5,1,103,2019
A,5,W,1,4, Weniger als 5 CHF, Weniger als 5 CHF,Android ,5,5,-1,5,5,5,5,4,5,5,1,1,1,1,1,1,4,1,1,1,1,1,1,1,1,1,1,1,1,1,1,1,1,2,1,1,1,4,2,1,1,2,5,3,2,3,3,3,3,3,2,1,3,3,2,5,2,4,5,4,2,4,2,2,3,1,5,5,1,1,3,4,5,5,104,2238
A,5,M,3,3, Mehr als 20 CHF, Mehr als 20 CHF,Android ,5,4,2,4,4,4,5,5,4,5,-1,4,-1,1,5,-1,4,-1,3,4,-1,4,-1,-1,1,-1,-1,-1,3,-1,-1,-1,-1,-1,-1,-1,-1,4,3,5,3,2,5,5,3,4,4,5,4,4,4,-1,5,4,3,5,3,2,3,4,4,2,4,1,4,3,4,3,-1,-1,3,1,4,1,105,1357
A,6,W,4,4, Weniger als 5 CHF, Bis 20 CHF,iPhone,5,5,2,5,5,4,4,5,2,5,1,1,1,1,5,1,1,1,1,4,4,1,1,1,1,1,1,1,1,1,1,1,1,1,5,1,1,3,2,4,3,5,5,5,1,1,4,5,1,3,1,1,5,4,4,5,1,1,5,5,5,1,1,1,4,1,4,4,1,1,4,4,5,4,106,1827
A,5,M,1,4, Nichts, Bis 10 CHF,Android ,5,-1,4,-1,5,5,-1,5,5,4,5,5,-1,-1,-1,-1,4,-1,-1,4,-1,-1,-1,-1,-1,-1,-1,-1,-1,-1,3,-1,-1,-1,-1,-1,-1,3,-1,4,-1,-1,5,4,-1,-1,5,-1,-1,-1,-1,-1,5,5,5,5,4,-1,-1,5,4,4,5,-1,-1,-1,3,-1,-1,-1,-1,-1,-1,-1,107,1736
A,5,M,1,6, Nichts, Mehr als 20 CHF,Android ,5,2,3,4,2,4,4,4,4,5,4,4,1,1,1,4,1,1,5,4,1,1,1,1,1,1,1,1,1,1,1,1,1,1,1,1,1,4,1,3,3,5,5,4,4,4,2,5,2,4,5,1,1,1,3,5,2,2,5,2,1,1,1,1,4,4,5,3,1,1,1,4,1,1,108,2050
A,6,W,5,4, Weniger als 5 CHF, Bis 20 CHF,iPhone,5,5,5,5,5,5,5,5,5,4,-1,-1,-1,-1,5,-1,-1,5,-1,5,5,5,-1,-1,-1,4,-1,-1,-1,-1,-1,5,-1,5,-1,-1,-1,-1,3,5,4,5,5,4,3,3,4,5,4,4,4,5,3,3,3,5,4,5,5,5,5,4,-1,-1,5,1,5,5,-1,-1,4,5,5,-1,109,2533
A,3,M,2,2, Weniger als 5 CHF, Mehr als 20 CHF,iPhone,-1,-1,3,-1,3,-1,-1,3,4,5,4,1,1,1,1,1,1,1,1,1,5,1,1,1,1,2,5,2,5,1,4,1,1,1,1,1,1,3,4,5,5,4,5,5,2,3,5,5,4,3,3,1,5,4,4,5,5,5,5,5,5,2,2,2,4,2,5,4,1,1,1,4,5,1,110,1838
A,5,M,1,6, Weniger als 5 CHF, Bis 20 CHF,iPhone,5,5,2,4,4,5,5,5,4,5,2,1,1,1,1,3,1,1,1,4,1,4,1,1,1,1,1,1,1,1,1,1,1,1,1,1,1,3,3,5,4,2,5,4,1,1,4,4,4,4,1,1,4,4,4,4,1,3,5,4,4,4,2,1,3,2,4,2,1,1,3,3,5,4,111,2325
A,5,W,4,4, Bis 20 CHF, Mehr als 20 CHF,iPhone,1,1,3,1,2,1,3,2,1,5,-1,-1,-1,-1,-1,-1,-1,5,-1,4,4,-1,-1,-1,-1,-1,-1,-1,-1,-1,-1,-1,-1,-1,-1,-1,-1,3,1,4,2,2,4,4,1,1,3,5,4,4,1,1,4,4,4,5,1,5,5,5,5,2,1,1,4,1,5,5,1,1,4,5,5,5,112,2042
A,5,M,3,3, Weniger als 5 CHF, Bis 10 CHF,Android ,5,4,2,3,4,5,5,5,4,4,3,1,1,1,1,1,1,1,1,5,3,1,1,1,1,1,1,1,1,1,1,1,1,1,1,1,1,3,2,5,2,2,5,5,4,4,4,5,4,4,4,1,5,4,4,5,4,3,3,5,4,3,1,4,3,3,4,1,1,1,3,4,5,3,113,2452
A,5,W,4,4,NA,NA,iPhone,5,5,3,5,4,5,4,5,5,5,-1,-1,3,-1,-1,5,-1,-1,-1,5,-1,4,-1,-1,-1,3,-1,-1,-1,3,-1,-1,-1,3,-1,-1,-1,3,-1,5,2,2,5,5,1,1,1,5,1,1,1,1,1,1,5,5,1,5,5,4,4,4,2,4,4,1,5,3,1,1,3,5,5,1,114,2727
A,5,M,2,2, Weniger als 5 CHF, Mehr als 20 CHF,iPhone,5,5,5,5,5,5,5,5,5,5,1,1,1,1,1,1,4,1,1,5,5,5,1,1,1,4,1,1,1,1,5,1,1,5,5,1,1,4,4,4,4,4,5,5,4,4,5,5,5,5,5,1,5,5,4,5,1,4,5,5,4,4,4,4,4,4,4,4,1,1,3,3,5,1,115,1693
A,2,W,1,6, Nichts, Nichts,Android ,5,5,3,5,5,4,2,2,2,3,1,1,1,1,1,1,1,1,1,1,1,1,1,1,1,1,1,1,1,3,1,1,1,1,1,1,1,1,1,5,3,4,5,2,1,4,4,5,3,3,1,1,1,2,4,5,1,1,4,5,1,1,1,1,2,2,3,1,1,1,5,5,5,1,116,1818
A,5,M,4,5, Weniger als 5 CHF, Weniger als 5 CHF,Android ,5,5,1,5,5,5,5,5,4,5,5,1,5,1,1,1,1,1,4,3,1,3,1,2,1,4,1,1,2,2,4,1,1,1,1,1,2,3,3,4,4,4,5,5,2,2,4,5,5,4,3,1,5,4,4,5,2,2,5,5,5,1,1,1,4,3,5,2,1,1,3,4,4,1,117,1558
A,4,M,4,2, Nichts, Bis 20 CHF,iPhone,5,5,4,4,4,4,4,4,2,5,5,5,-1,-1,5,-1,-1,-1,-1,4,-1,-1,-1,-1,-1,-1,-1,-1,-1,-1,-1,-1,-1,-1,-1,-1,-1,3,-1,5,3,1,5,5,4,4,4,5,1,1,1,1,5,1,2,5,1,5,5,4,4,1,1,1,4,1,3,3,1,1,3,3,4,1,118,1886
A,6,M,4,1, Nichts, Mehr als 20 CHF,iPhone,5,5,2,5,4,4,5,5,4,4,4,-1,-1,-1,-1,-1,-1,-1,-1,2,-1,-1,2,-1,-1,2,-1,-1,-1,-1,-1,-1,-1,-1,-1,-1,-1,2,-1,5,4,5,5,4,2,2,4,4,-1,3,-1,-1,5,4,4,5,2,4,5,5,3,-1,-1,2,5,-1,4,4,-1,-1,2,5,2,2,119,712
A,5,M,4,3, Nichts, Bis 20 CHF,iPhone,5,5,5,5,5,5,5,5,5,5,3,4,2,1,-1,3,-1,-1,-1,5,-1,4,-1,-1,-1,-1,-1,-1,2,-1,-1,-1,-1,-1,-1,-1,-1,3,2,4,4,3,5,5,4,4,4,4,2,4,1,1,4,4,4,5,2,5,5,4,4,2,3,1,4,1,4,2,-1,3,4,3,5,4,120,1719
A,6,M,2,2, Nichts, Bis 20 CHF,Android ,5,4,1,4,4,5,-1,1,4,5,1,1,1,1,1,3,1,1,1,5,1,1,5,2,1,4,1,1,2,1,1,1,1,4,1,1,1,3,1,5,4,4,5,5,3,3,5,5,4,4,-1,1,4,4,4,5,3,1,1,4,4,4,3,3,4,4,4,3,1,1,2,4,5,1,121,1549
A,6,W,2,4, Nichts, Mehr als 20 CHF,iPhone,5,4,4,4,5,4,-1,4,4,5,-1,-1,3,-1,-1,-1,2,-1,4,5,-1,-1,-1,-1,-1,4,-1,-1,-1,4,4,-1,-1,-1,-1,-1,-1,3,2,5,4,4,5,5,1,1,4,5,4,4,1,1,4,3,4,5,1,2,5,5,4,2,2,1,3,1,4,4,1,1,4,4,5,1,122,1795
A,5,M,3,5, Nichts, Mehr als 20 CHF,iPhone,5,4,3,4,5,5,5,5,4,5,4,4,3,1,1,1,1,1,1,5,5,-1,1,4,1,3,1,1,4,2,1,4,1,2,3,4,1,4,2,5,4,4,5,5,2,3,4,4,4,4,-1,4,4,4,4,5,4,5,5,5,5,3,2,3,5,2,4,3,1,4,3,4,5,3,123,2375
A,5,M,4,2, Weniger als 5 CHF, Bis 10 CHF,iPhone,5,5,5,5,4,5,5,5,4,4,4,2,5,1,1,4,1,1,1,5,3,3,5,4,1,4,1,1,5,4,1,5,4,5,1,1,1,5,3,5,4,4,5,5,4,4,5,5,4,4,5,3,5,4,4,5,5,5,5,5,5,5,3,2,5,5,5,3,1,1,4,4,5,3,124,2507
A,4,W,3,2, Weniger als 5 CHF, Weniger als 5 CHF,iPhone,5,5,5,5,5,5,5,5,5,5,3,1,1,1,1,2,3,3,1,1,1,1,1,1,1,3,1,1,1,1,1,1,1,1,1,1,1,4,3,4,4,4,5,4,3,3,4,5,3,3,3,3,5,4,4,5,3,4,5,5,4,5,3,3,4,4,4,3,-1,-1,3,3,5,-1,125,1273
A,6,M,4,3, Nichts, Mehr als 20 CHF,iPhone,5,4,5,-1,5,5,5,5,5,5,4,1,1,1,1,1,1,1,1,5,1,4,1,1,1,1,1,1,1,1,1,4,1,1,1,4,1,4,4,5,4,4,5,5,3,3,4,5,3,4,2,2,3,4,4,5,1,5,5,4,4,4,1,4,5,3,4,4,1,4,3,4,5,3,126,2560
B,4,W,1,3, Nichts, Nichts,Android ,-1,2,1,2,2,2,3,1,1,-1,1,1,1,1,3,1,1,1,1,1,1,1,1,1,1,1,1,1,1,1,1,1,1,1,1,1,1,3,1,4,1,1,4,2,1,1,1,3,1,4,1,1,5,1,1,1,1,1,1,2,4,1,1,1,1,1,4,2,1,1,2,4,1,1,127,1968
B,5,W,1,2, Nichts, Nichts,Android ,5,4,3,4,4,4,5,5,5,4,1,1,1,1,4,1,1,1,1,1,1,1,1,1,1,2,1,1,1,1,4,1,1,1,1,1,1,2,4,4,2,2,5,5,2,2,4,5,1,2,1,1,5,2,4,3,1,1,3,3,3,1,1,1,4,1,4,4,1,1,1,4,3,1,128,2092
B,5,M,5,2, Nichts, Bis 20 CHF,iPhone,5,5,1,5,5,5,5,5,4,5,5,-1,1,-1,-1,3,-1,-1,3,5,4,-1,-1,-1,4,-1,-1,-1,-1,-1,-1,-1,-1,-1,-1,-1,-1,3,1,5,4,5,5,5,4,4,5,4,4,5,4,5,5,4,4,5,3,5,5,3,5,3,2,1,5,4,5,-1,-1,-1,2,4,5,2,129,2302
B,4,W,2,1, Weniger als 5 CHF, Bis 10 CHF,Android ,5,5,5,5,5,5,5,5,4,5,1,4,4,1,1,1,1,1,1,1,4,5,1,1,1,2,1,1,1,2,1,1,1,-1,1,1,1,2,1,5,4,2,5,1,1,1,3,5,4,1,1,1,5,4,4,4,2,1,2,1,1,1,1,1,4,1,5,3,1,1,1,1,5,1,130,1605
B,6,W,4,5, Nichts, Bis 10 CHF,Android ,5,5,4,-1,4,4,4,4,4,5,1,5,1,1,1,1,5,1,3,1,1,3,1,2,1,5,1,1,2,2,4,1,4,1,1,1,1,4,1,5,4,2,5,5,3,3,5,1,1,2,1,1,5,4,4,5,4,5,4,4,5,5,5,4,5,2,4,3,1,1,3,4,5,4,131,1629
B,2,W,1,2, Weniger als 5 CHF, Bis 10 CHF,Android ,-1,4,2,2,4,4,4,4,4,4,4,-1,-1,-1,-1,-1,-1,-1,-1,4,-1,-1,-1,-1,-1,-1,-1,-1,-1,-1,-1,-1,-1,-1,-1,-1,-1,3,-1,4,4,5,4,4,2,3,4,4,-1,4,-1,-1,4,4,4,-1,4,-1,4,-1,5,-1,5,-1,5,-1,-1,-1,-1,-1,-1,2,5,-1,132,1635
B,4,W,1,1, Nichts, Bis 20 CHF,Android ,3,5,2,4,3,3,5,2,3,5,1,1,1,1,1,1,1,1,1,1,1,5,1,1,1,1,1,1,1,2,1,1,1,1,1,1,1,3,1,5,4,4,5,4,3,3,4,5,4,2,1,-1,1,3,4,4,-1,4,5,5,5,5,-1,-1,4,1,3,-1,-1,-1,1,4,5,-1,133,2006
B,5,W,1,3, Nichts, Bis 20 CHF,Android ,5,5,4,5,5,5,5,4,4,4,-1,1,-1,1,-1,1,-1,-1,-1,2,3,1,-1,2,-1,-1,-1,-1,-1,2,5,-1,5,2,-1,-1,-1,2,1,4,2,2,5,5,2,2,5,5,5,4,5,1,4,4,4,5,5,5,5,4,2,4,2,1,4,1,5,3,1,5,4,3,5,-1,134,1682
B,5,W,1,4, Nichts, Mehr als 20 CHF,Android ,5,4,1,1,4,4,4,3,4,4,1,1,1,2,1,1,4,1,1,4,1,4,1,1,1,1,1,4,1,1,1,1,1,1,1,1,1,3,4,4,2,3,5,4,3,3,5,5,4,3,2,1,5,4,4,5,3,3,3,4,4,3,4,2,4,2,4,3,1,1,2,3,4,3,135,2220
B,5,M,4,5, Nichts, Mehr als 20 CHF,Android ,5,4,3,4,3,4,5,4,3,4,5,1,1,1,1,1,1,1,1,1,1,3,1,1,1,1,1,1,1,1,1,1,1,1,1,5,1,2,1,2,1,1,5,5,1,1,2,5,2,3,2,1,5,3,3,5,3,1,5,5,3,1,1,4,4,1,3,2,1,4,2,4,4,1,136,2186
B,5,M,1,3, Nichts, Nichts,Android ,4,4,2,3,3,2,1,2,2,4,2,1,-1,-1,-1,-1,-1,-1,-1,-1,-1,-1,-1,-1,1,3,1,-1,-1,-1,2,-1,-1,4,-1,-1,-1,2,1,4,1,1,4,5,1,3,3,5,5,1,1,-1,3,3,2,5,1,1,1,4,2,1,-1,4,4,2,4,3,-1,-1,1,4,1,-1,137,1743
B,5,M,3,4, Weniger als 5 CHF, Nichts,iPhone,5,5,4,5,5,5,5,5,5,5,1,2,1,1,1,1,1,1,2,3,1,1,1,1,2,3,1,1,1,1,4,1,1,3,1,1,1,1,1,3,1,1,5,5,2,3,5,1,4,4,1,1,4,3,3,5,2,2,5,5,2,3,1,1,2,1,3,1,1,1,3,3,5,2,138,1945
B,3,M,1,2, Nichts, Mehr als 20 CHF,iPhone,5,5,5,5,5,5,5,5,5,5,3,1,1,1,1,1,1,1,1,5,1,1,1,1,1,1,1,1,1,1,1,1,1,1,1,1,1,4,3,5,3,4,5,5,4,4,5,5,5,4,5,2,2,4,4,5,2,5,5,5,5,5,2,4,4,2,5,2,1,1,2,4,5,2,139,2157
B,5,W,3,3, Nichts, Bis 10 CHF,Android ,5,5,4,4,5,5,5,5,5,4,1,1,1,4,1,1,1,1,3,1,1,2,1,1,1,1,1,1,1,1,1,1,1,2,1,1,1,2,2,4,4,5,5,5,4,4,5,5,5,5,5,4,4,5,5,5,2,5,4,4,3,3,3,2,4,3,5,5,1,1,3,4,5,1,140,2210
B,6,W,1,5, Weniger als 5 CHF, Nichts,Android ,5,5,2,5,5,5,5,5,5,5,1,5,1,1,1,1,2,1,1,4,4,1,1,1,1,1,1,1,1,2,1,1,1,1,1,1,1,1,2,4,2,3,5,5,2,1,1,5,5,5,5,1,3,4,4,5,1,3,5,4,2,3,2,2,5,2,4,4,1,1,3,1,5,2,141,1907
B,4,M,3,2, Nichts, Bis 10 CHF,Mobiltelefon,NA,NA,NA,NA,NA,NA,NA,NA,NA,5,1,1,1,1,1,1,1,1,1,1,1,1,1,1,1,1,1,1,1,1,1,1,1,1,1,1,1,3,1,NA,NA,NA,NA,NA,NA,NA,NA,NA,NA,NA,NA,NA,NA,NA,NA,NA,NA,NA,NA,NA,NA,NA,NA,NA,NA,NA,NA,NA,NA,NA,NA,NA,NA,NA,142,1945
B,4,M,1,1,NA,NA,Android ,5,5,-1,5,5,5,5,5,5,5,1,1,1,1,1,1,1,1,1,1,1,1,1,1,1,1,1,1,3,1,1,1,1,1,1,1,1,1,3,5,4,1,5,5,5,5,5,5,5,3,3,1,1,3,3,5,-1,1,1,4,1,1,1,1,3,3,3,3,1,1,1,4,5,1,143,1785
B,4,W,1,6, Weniger als 5 CHF,NA,iPhone,5,5,1,4,5,4,4,4,1,5,-1,4,-1,-1,-1,-1,-1,-1,-1,-1,4,-1,-1,-1,-1,-1,-1,-1,-1,-1,-1,-1,-1,5,-1,-1,-1,3,-1,5,3,4,5,5,4,4,4,5,1,3,1,1,5,4,3,4,1,1,4,4,4,4,2,4,4,1,4,1,1,1,1,3,5,1,144,1891
B,5,M,2,3, Weniger als 5 CHF, Weniger als 5 CHF,Android ,2,4,1,3,2,3,1,2,3,2,-1,-1,3,-1,-1,3,-1,-1,4,-1,4,-1,-1,-1,-1,3,-1,-1,-1,-1,-1,-1,-1,-1,-1,-1,-1,4,2,4,1,-1,4,4,1,2,4,5,5,4,4,-1,3,1,3,3,-1,-1,1,3,-1,-1,-1,-1,3,1,3,-1,-1,-1,-1,3,4,-1,145,1052
B,2,W,2,2, Weniger als 5 CHF, Weniger als 5 CHF,Android ,5,5,3,-1,3,5,-1,3,4,4,-1,-1,-1,-1,-1,3,-1,-1,-1,-1,-1,-1,-1,-1,-1,3,-1,-1,-1,-1,-1,-1,-1,-1,-1,-1,-1,4,-1,4,2,3,5,4,4,3,4,4,4,4,2,1,2,3,3,4,4,2,4,3,2,2,1,1,4,2,4,3,1,1,1,1,1,1,146,2099
B,3,W,1,2, Weniger als 5 CHF, Weniger als 5 CHF,iPhone,5,5,1,5,4,5,5,2,2,5,1,1,1,1,5,1,2,2,1,3,1,1,4,1,1,1,1,1,1,1,1,1,1,5,1,1,1,1,3,5,4,5,5,5,4,5,5,5,4,4,1,1,4,5,4,5,1,1,5,5,1,4,3,1,5,1,5,2,1,1,3,4,5,2,147,2527
B,5,W,1,3, Bis 10 CHF, Bis 10 CHF,Android ,5,2,2,4,5,3,-1,3,5,5,-1,5,4,-1,-1,1,-1,2,-1,2,-1,-1,-1,-1,-1,-1,-1,-1,-1,-1,5,5,5,5,5,-1,-1,4,3,5,4,4,5,5,2,2,5,4,3,4,4,1,5,5,2,5,2,2,4,4,5,3,1,1,5,2,4,4,-1,-1,3,3,4,4,148,1951
B,5,W,2,2, Nichts, Mehr als 20 CHF,iPhone,5,5,4,4,5,5,-1,5,4,4,2,-1,-1,-1,5,2,-1,4,-1,-1,-1,-1,-1,-1,-1,-1,-1,-1,-1,-1,-1,-1,-1,-1,-1,-1,-1,3,2,5,3,4,5,4,1,3,1,5,1,3,1,1,3,3,3,4,2,4,5,5,2,2,1,1,5,2,5,2,1,1,2,1,3,1,149,1481
B,7,M,4,4, Weniger als 5 CHF, Bis 20 CHF,Android ,5,2,2,2,5,4,4,4,3,4,5,4,1,1,4,2,2,1,1,1,1,1,1,1,1,2,3,2,1,1,5,1,1,1,1,1,1,3,2,4,2,3,5,4,3,4,4,5,4,4,3,1,3,3,2,5,4,2,2,5,4,4,3,4,3,2,3,1,1,1,2,3,3,1,150,2273
B,2,W,1,5, Nichts, Bis 20 CHF,Mobiltelefon,NA,NA,NA,NA,NA,NA,NA,NA,NA,5,1,1,1,1,1,1,1,1,1,1,1,4,5,1,1,1,1,1,1,1,1,1,1,1,1,1,1,2,2,NA,NA,NA,NA,NA,NA,NA,NA,NA,NA,NA,NA,NA,NA,NA,NA,NA,NA,NA,NA,NA,NA,NA,NA,NA,NA,NA,NA,NA,NA,NA,NA,NA,NA,NA,151,2498
B,4,M,2,5, Nichts, Nichts,Android ,5,4,2,4,5,5,5,5,5,4,1,4,1,1,1,3,1,1,1,1,1,3,1,1,1,1,1,1,1,1,1,1,5,1,1,1,1,1,4,4,2,2,5,4,4,4,5,5,4,4,4,1,5,4,4,5,5,4,5,5,5,4,2,2,4,2,5,5,3,1,2,3,5,1,152,2174
B,5,W,1,3, Weniger als 5 CHF, Mehr als 20 CHF,Android ,5,5,1,3,4,5,1,4,4,5,1,1,1,1,1,1,1,1,1,1,1,4,1,1,1,1,1,1,1,1,1,1,1,1,1,1,1,4,1,5,2,3,5,3,1,1,1,4,1,2,1,1,1,3,1,1,1,2,1,3,1,4,1,4,4,1,4,4,1,1,1,1,5,1,153,2011
B,5,M,3,3, Nichts, Bis 10 CHF,Android ,5,4,4,4,4,5,5,5,5,4,-1,4,1,1,1,1,1,1,1,1,1,1,1,1,1,1,1,1,1,3,3,1,1,1,1,1,1,1,1,5,3,4,5,4,4,4,2,5,3,1,1,1,4,4,3,4,4,1,5,5,4,1,1,1,4,2,4,3,1,1,3,4,5,1,154,2026
B,5,M,3,3, Weniger als 5 CHF, Bis 20 CHF,Android ,5,5,2,3,3,5,-1,4,4,5,1,1,1,5,1,1,1,1,1,5,1,1,1,1,1,1,1,1,1,1,1,1,1,1,1,1,1,4,1,3,1,4,5,5,3,3,4,5,5,4,4,1,5,5,4,4,3,5,5,5,3,3,1,1,5,1,5,2,1,1,3,4,5,1,155,1821
B,5,W,1,5, Nichts, Nichts,iPhone,5,5,5,5,5,5,5,4,5,5,-1,4,4,-1,-1,-1,2,-1,5,4,4,-1,-1,-1,2,-1,-1,-1,-1,-1,-1,-1,-1,3,-1,-1,-1,4,4,5,4,1,5,5,4,4,5,5,4,3,4,1,5,4,4,4,1,5,4,4,4,4,2,4,4,3,5,5,1,1,2,4,5,5,156,2117
B,3,W,1,3, Nichts, Bis 10 CHF,iPhone,2,4,2,5,4,4,2,3,3,4,1,1,1,1,1,2,1,1,1,1,3,1,1,1,1,1,1,1,1,1,1,1,1,1,1,1,1,4,2,5,2,5,5,5,1,1,1,5,1,4,1,1,1,5,4,5,1,1,4,1,1,3,1,1,5,3,5,1,1,1,1,3,5,1,157,1431
B,5,M,2,4, Bis 10 CHF, Mehr als 20 CHF,iPhone,5,4,-1,3,4,3,-1,5,1,1,1,1,1,1,5,1,1,1,1,4,1,1,1,1,1,2,1,1,3,1,1,1,1,1,1,1,1,2,1,2,1,2,5,3,2,3,2,4,1,3,1,1,1,2,2,3,3,4,4,4,3,4,1,2,2,1,2,1,1,1,2,2,4,1,158,2553
B,5,W,2,4, Nichts, Bis 10 CHF,iPhone,5,5,1,5,5,5,5,4,4,5,-1,1,5,-1,-1,-1,4,-1,5,2,5,-1,-1,-1,-1,-1,-1,-1,-1,-1,-1,5,-1,-1,5,5,-1,2,2,4,3,1,5,5,3,3,5,5,5,5,1,5,5,4,3,5,2,5,5,2,4,4,4,4,4,2,5,3,-1,5,3,3,5,2,159,1715
B,6,M,4,6, Mehr als 20 CHF,NA,Android ,5,5,5,5,5,5,5,5,5,5,-1,-1,-1,-1,-1,-1,-1,-1,-1,-1,-1,-1,-1,-1,-1,-1,-1,5,-1,-1,-1,-1,-1,-1,-1,-1,-1,3,-1,5,5,5,5,5,-1,-1,5,5,-1,-1,-1,-1,5,5,4,-1,5,5,5,5,5,-1,-1,5,-1,-1,-1,5,-1,-1,-1,-1,5,-1,160,2075
B,4,W,2,2, Bis 20 CHF, Nichts,iPhone,5,4,4,3,3,3,2,2,3,5,-1,-1,-1,-1,-1,2,-1,-1,-1,-1,-1,-1,-1,-1,-1,2,-1,-1,-1,-1,-1,-1,-1,3,-1,-1,-1,3,2,5,4,4,5,5,3,4,1,5,1,2,1,1,1,3,3,5,1,4,5,5,2,4,1,2,4,3,4,4,1,1,2,4,5,1,161,1975
B,6,M,2,1, Nichts, Mehr als 20 CHF,Android ,5,5,2,5,5,5,5,3,5,5,-1,-1,-1,-1,-1,-1,-1,-1,-1,5,5,-1,-1,-1,-1,4,5,5,-1,-1,-1,-1,-1,-1,-1,-1,-1,4,-1,5,4,5,5,4,3,4,3,5,3,3,-1,-1,5,5,4,5,5,5,5,5,3,5,-1,4,5,3,5,-1,-1,-1,3,4,5,-1,162,1871
B,4,W,2,1, Weniger als 5 CHF, Bis 10 CHF,Android ,5,5,3,5,5,5,5,5,5,5,-1,-1,-1,-1,-1,-1,-1,-1,-1,5,-1,-1,-1,-1,-1,-1,-1,-1,-1,-1,-1,-1,-1,-1,-1,-1,-1,3,2,4,-1,3,5,4,4,-1,4,5,-1,3,-1,-1,4,4,4,5,4,3,5,5,-1,-1,-1,3,4,2,5,3,-1,-1,2,4,5,-1,163,2092
B,5,W,1,2, Nichts, Bis 10 CHF,Android ,5,4,4,3,4,5,5,5,5,4,1,1,1,1,1,2,1,1,1,1,1,5,1,1,1,1,1,1,1,1,1,1,1,1,1,1,1,3,2,5,3,4,5,4,3,2,4,5,3,4,1,1,2,3,4,4,1,4,5,4,4,4,1,2,4,2,4,4,1,1,2,3,5,2,164,1993
B,4,M,2,3, Nichts, Mehr als 20 CHF,iPhone,5,2,3,2,4,4,4,2,2,2,3,4,-1,-1,-1,3,-1,5,-1,1,5,-1,-1,-1,3,-1,-1,-1,-1,-1,-1,-1,-1,-1,-1,-1,-1,5,5,5,4,4,4,4,3,3,3,4,2,1,2,2,3,2,2,4,3,3,4,5,2,3,3,4,4,3,3,3,1,2,2,3,5,3,165,1717
B,5,W,3,3, Nichts, Weniger als 5 CHF,iPhone,5,5,4,4,5,5,4,5,5,5,1,1,1,1,1,1,1,1,4,1,1,1,1,1,1,1,1,1,1,1,1,1,1,1,1,1,1,3,3,5,3,4,5,4,1,1,1,5,1,4,1,1,4,1,3,4,1,4,4,2,4,1,1,1,4,1,4,3,1,1,1,3,3,1,166,2256
B,5,W,1,3, Weniger als 5 CHF, Bis 10 CHF,iPhone,5,5,3,5,5,5,2,4,4,5,1,1,4,1,1,2,1,1,1,1,1,4,1,1,1,2,1,1,1,1,1,1,1,3,1,1,1,5,4,4,3,2,5,4,3,3,2,5,2,3,3,1,5,4,4,5,4,4,5,4,4,4,1,4,5,3,5,4,-1,-1,3,4,5,2,167,1760
B,5,W,1,3, Nichts,NA,Andere,5,5,3,5,5,5,5,4,3,5,-1,-1,-1,-1,-1,-1,-1,-1,-1,4,-1,3,-1,-1,-1,3,-1,-1,-1,2,-1,-1,-1,1,-1,-1,-1,3,2,4,4,4,5,5,2,3,4,4,3,2,2,1,2,2,2,5,2,3,5,4,4,5,1,3,4,2,4,4,-1,-1,2,3,5,3,168,1414
B,5,W,4,4, Nichts, Mehr als 20 CHF,iPhone,5,5,4,5,5,5,5,5,5,5,1,2,-1,-1,-1,3,-1,3,-1,5,-1,-1,-1,-1,-1,4,-1,-1,-1,-1,-1,-1,-1,5,-1,-1,-1,3,4,5,4,5,5,5,1,3,5,5,2,2,2,1,4,5,4,5,1,5,5,5,5,1,1,2,5,1,5,5,1,1,3,4,5,3,169,2571
B,6,M,3,3, Weniger als 5 CHF, Weniger als 5 CHF,iPhone,5,5,-1,5,5,5,5,5,5,5,-1,-1,-1,-1,-1,2,-1,-1,-1,3,-1,5,-1,-1,-1,2,-1,-1,-1,-1,-1,-1,-1,3,-1,-1,-1,3,3,3,1,2,5,5,2,3,5,3,4,4,2,2,5,4,3,5,1,5,5,5,3,4,1,2,5,1,4,4,2,1,1,3,5,1,170,1709
B,4,M,1,5, Nichts, Mehr als 20 CHF,Android ,5,3,3,3,5,5,-1,5,4,5,1,4,1,1,1,2,1,1,1,1,1,1,1,1,1,2,1,1,1,1,1,1,1,1,1,1,1,3,2,4,2,1,5,3,2,1,2,1,3,1,1,1,5,4,3,5,2,3,3,2,1,1,1,1,4,1,3,3,2,1,3,3,2,1,171,2395
B,5,W,2,3, Nichts, Bis 20 CHF,iPhone,5,5,5,5,5,5,5,5,5,4,-1,-1,-1,-1,-1,3,-1,-1,-1,-1,-1,2,1,2,-1,-1,-1,-1,-1,2,-1,-1,-1,-1,-1,-1,-1,3,4,4,2,4,5,5,3,3,4,5,5,4,4,4,1,4,4,5,2,2,5,4,4,3,3,1,-1,2,5,5,1,1,2,3,5,1,172,1564
B,4,W,1,6, Nichts, Bis 20 CHF,iPhone,5,4,4,4,5,5,-1,4,4,5,1,1,1,1,1,2,1,1,5,4,1,1,1,1,1,1,1,1,1,1,1,3,1,1,1,1,1,3,1,4,5,3,5,5,3,4,5,5,4,3,3,1,5,1,4,5,1,1,5,1,1,4,1,2,4,1,4,4,1,1,3,3,5,1,173,1372
B,6,M,2,5, Bis 10 CHF, Bis 20 CHF,Android ,5,5,-1,5,5,5,5,3,5,5,5,-1,-1,-1,-1,2,-1,-1,-1,-1,-1,4,-1,2,-1,-1,-1,-1,-1,2,-1,-1,-1,-1,-1,-1,-1,-1,-1,5,3,1,5,5,2,4,2,5,1,2,1,1,4,4,4,5,1,1,4,5,1,3,1,1,3,1,5,3,1,1,4,4,5,1,174,1871
B,4,M,2,4, Nichts, Mehr als 20 CHF,Android ,5,2,4,2,4,5,4,4,3,4,4,2,1,1,5,2,1,1,1,2,1,4,1,1,1,3,1,1,3,2,1,1,1,2,1,1,1,3,2,4,3,3,5,3,3,4,4,5,4,4,3,2,4,3,3,4,2,5,5,4,4,4,1,4,4,3,3,2,1,1,3,2,4,1,175,2377
B,4,W,3,2, Nichts, Nichts,Android ,5,4,3,4,5,5,5,4,4,5,1,1,1,1,5,1,1,1,1,1,1,4,1,1,1,3,1,1,1,1,1,1,1,4,1,1,1,4,2,5,4,5,5,4,2,2,1,4,1,4,1,1,3,5,4,-1,2,5,-1,5,3,2,1,1,-1,1,5,2,1,1,2,3,5,4,176,2214
B,4,M,3,3, Weniger als 5 CHF, Weniger als 5 CHF,iPhone,5,5,5,5,5,5,5,2,2,5,1,1,1,1,1,1,1,1,3,5,1,1,1,1,1,1,1,1,1,1,1,4,1,1,1,1,1,4,3,4,3,1,5,4,2,4,4,5,3,3,1,1,1,2,3,4,1,1,5,4,4,4,1,1,4,1,5,1,1,1,3,3,5,3,177,1681
B,4,M,4,2, Nichts, Bis 20 CHF,iPhone,3,4,4,4,5,5,-1,4,4,5,1,1,1,1,1,1,1,1,1,4,1,4,1,1,1,4,1,1,2,1,4,1,1,1,1,1,1,2,1,4,4,4,5,4,4,4,5,5,5,3,3,1,5,4,4,5,3,5,5,4,4,2,1,1,4,2,4,3,1,1,3,3,4,2,178,1766
B,6,W,3,2, Nichts, Mehr als 20 CHF,Android ,5,5,-1,5,5,5,5,2,5,5,1,1,1,1,1,1,1,1,1,1,1,4,1,1,1,4,1,1,1,1,1,1,1,3,1,1,1,4,4,5,5,4,5,5,4,5,5,5,5,5,5,1,4,4,4,5,1,2,1,4,4,4,1,4,5,4,5,4,1,1,2,4,5,1,179,2050
B,3,W,1,3, Weniger als 5 CHF, Nichts,iPhone,5,5,2,2,5,5,5,5,5,5,-1,4,2,-1,-1,1,-1,-1,-1,-1,-1,-1,-1,-1,-1,-1,-1,-1,-1,-1,-1,-1,-1,4,-1,-1,-1,3,1,4,2,2,5,4,2,2,5,5,1,3,-1,-1,3,2,2,4,4,4,4,3,4,1,1,4,4,1,4,4,-1,-1,-1,1,3,3,180,1560
B,6,W,2,5, Nichts, Bis 10 CHF,iPhone,5,5,5,5,5,5,5,5,4,5,2,3,5,1,1,1,1,1,1,5,1,1,1,1,1,1,1,1,1,1,1,1,1,1,1,1,1,2,1,4,3,4,5,4,1,3,5,5,5,4,1,1,5,3,3,4,1,5,5,4,4,3,1,1,5,1,4,4,1,1,3,3,5,1,181,1796
B,5,M,2,4, Weniger als 5 CHF, Weniger als 5 CHF,Android ,5,4,4,5,4,5,-1,5,5,4,5,3,1,1,1,1,1,1,1,1,1,1,1,5,1,4,1,1,1,1,1,1,1,1,3,1,1,1,2,5,3,1,5,4,1,1,3,5,5,1,1,1,5,4,3,4,5,5,5,5,4,4,3,3,2,3,5,4,3,1,1,2,5,3,182,2286
B,2,W,1,1, Nichts, Weniger als 5 CHF,Android ,5,5,1,3,5,5,5,5,3,5,-1,-1,4,-1,-1,4,-1,-1,-1,-1,-1,-1,4,-1,-1,4,-1,-1,-1,3,5,-1,-1,5,-1,-1,-1,3,-1,3,2,3,5,5,3,4,5,5,4,4,4,1,1,3,2,4,4,1,3,4,1,1,1,1,5,2,5,2,1,1,2,4,1,1,183,1042
B,3,M,1,3, Nichts, Nichts,iPhone,5,4,3,4,4,5,5,3,3,4,-1,-1,-1,-1,-1,2,1,-1,-1,-1,4,-1,-1,-1,-1,2,-1,-1,-1,-1,-1,-1,-1,-1,-1,-1,-1,-1,3,5,3,1,5,4,2,4,5,5,5,5,2,1,4,4,4,1,1,3,5,5,3,5,3,4,5,5,5,2,1,1,2,5,-1,1,184,2493
B,4,M,1,3, Nichts, Bis 10 CHF,Android ,5,4,5,5,5,5,5,3,5,5,1,1,1,1,4,1,1,1,1,5,1,1,1,1,4,1,1,1,5,1,1,1,1,1,1,1,1,1,5,5,5,1,5,5,3,5,5,5,4,5,5,1,1,4,4,4,4,4,4,4,4,3,1,1,4,1,5,5,1,1,1,4,5,1,185,2728
B,3,M,1,4, Weniger als 5 CHF, Mehr als 20 CHF,iPhone,5,5,1,4,3,3,2,2,2,5,1,1,1,1,1,4,1,1,1,1,1,1,4,1,1,1,1,4,1,1,1,1,1,3,1,1,1,3,2,5,2,4,2,3,1,3,4,5,3,2,2,1,3,5,3,5,1,2,2,3,3,4,1,1,4,1,4,1,1,1,4,4,3,1,186,2327
B,6,W,2,5, Weniger als 5 CHF, Weniger als 5 CHF,iPhone,5,5,3,4,5,5,5,5,5,5,2,3,5,1,1,2,1,1,1,3,1,3,1,1,1,1,1,1,1,1,1,1,1,2,1,1,1,2,2,4,3,4,5,5,3,3,5,5,4,4,2,1,3,4,4,4,1,5,5,3,2,2,1,1,4,2,5,2,1,1,2,3,4,4,187,1903
B,4,M,2,2, Nichts, Bis 20 CHF,Android ,5,4,4,4,5,4,-1,4,4,5,1,1,1,1,1,1,1,1,1,4,4,4,1,1,1,1,1,1,5,1,5,1,1,1,1,1,1,4,2,5,3,5,5,5,2,2,4,5,4,2,1,1,5,3,4,5,3,2,5,4,4,4,1,1,4,4,4,1,1,1,1,4,5,2,188,1966
B,4,M,5,1, Weniger als 5 CHF, Mehr als 20 CHF,Android ,5,5,-1,4,5,5,-1,3,4,5,1,-1,1,-1,-1,2,-1,-1,4,-1,4,4,-1,2,2,-1,-1,-1,4,-1,5,1,3,-1,-1,-1,-1,3,1,4,3,1,5,4,4,4,5,5,5,3,-1,1,5,3,3,4,5,5,5,5,2,4,3,3,4,2,5,5,-1,-1,2,4,5,-1,189,2391
B,5,W,1,1, Bis 10 CHF, Bis 10 CHF,iPhone,5,5,5,5,5,5,5,5,5,5,1,1,1,1,1,1,3,3,1,1,1,4,1,1,1,3,1,1,1,1,1,1,1,1,1,1,1,2,2,5,4,4,5,5,3,3,5,5,3,4,3,-1,4,4,4,5,5,5,5,4,4,4,3,2,4,2,4,4,1,1,3,3,5,3,190,2243
B,4,W,2,3, Nichts, Bis 20 CHF,Android ,5,5,4,5,5,5,5,5,4,5,1,1,1,3,1,1,3,1,4,4,2,4,1,1,1,1,1,1,1,1,4,1,1,1,1,1,1,3,2,4,4,3,5,5,2,4,4,5,4,4,1,1,1,4,3,5,1,5,4,4,4,2,4,4,4,2,5,4,1,1,2,1,5,4,191,1882
B,6,M,4,4, Weniger als 5 CHF, Mehr als 20 CHF,Android ,5,5,2,5,5,5,4,4,4,1,5,1,1,1,1,4,1,1,1,1,1,4,1,1,4,1,1,1,4,2,2,1,1,3,1,1,1,2,2,5,3,3,5,4,3,3,4,5,3,2,2,1,4,4,4,4,2,5,5,5,4,3,2,1,5,4,5,3,2,1,4,2,5,1,192,2136
B,5,W,2,4, Nichts, Nichts,iPhone,5,5,3,3,4,5,5,4,3,5,-1,-1,5,-1,-1,-1,-1,-1,-1,5,-1,-1,-1,-1,-1,-1,-1,-1,-1,3,-1,-1,-1,-1,-1,-1,-1,4,3,4,3,2,5,4,2,3,3,5,4,4,1,1,1,1,1,4,3,5,5,4,3,4,1,4,4,1,5,3,1,1,3,3,5,4,193,2869
B,6,W,1,3, Bis 20 CHF, Nichts,Android ,5,5,1,-1,5,5,5,5,5,5,1,1,1,1,1,3,1,1,1,1,1,1,1,1,1,1,1,1,1,1,1,1,1,1,1,1,1,1,2,5,1,1,5,5,1,1,1,5,1,3,1,1,1,3,4,5,1,5,5,3,2,1,1,3,4,1,5,5,1,1,3,3,4,1,194,2533
B,4,W,1,3, Nichts, Weniger als 5 CHF,Android ,5,4,2,4,4,4,5,4,2,5,1,1,1,1,1,1,1,1,1,1,1,1,1,1,1,1,1,1,1,1,1,1,1,1,1,1,1,1,3,3,4,4,4,5,3,4,1,5,4,4,5,1,1,3,3,4,1,4,4,4,1,4,1,1,4,1,4,4,1,1,2,3,5,2,195,2591
B,4,W,3,4, Weniger als 5 CHF, Weniger als 5 CHF,iPhone,5,3,1,3,2,5,5,4,5,5,-1,-1,5,-1,5,2,-1,-1,-1,-1,-1,-1,-1,-1,-1,-1,-1,-1,-1,-1,-1,-1,-1,3,-1,-1,-1,4,4,5,1,2,5,5,1,2,3,4,1,1,1,1,3,3,2,4,2,1,4,2,2,2,1,1,4,1,4,3,-1,-1,1,3,1,-1,196,2281
B,4,M,2,2, Weniger als 5 CHF, Weniger als 5 CHF,Android ,4,3,2,3,4,2,2,3,3,5,1,1,2,1,1,1,3,1,1,1,1,4,3,1,1,3,1,1,1,1,1,1,1,1,1,1,5,3,1,3,4,1,5,4,3,3,3,5,2,2,2,1,1,3,4,3,1,4,4,4,4,3,3,1,3,1,4,3,2,1,1,4,3,1,197,2102
B,4,M,1,1, Nichts, Bis 20 CHF,iPhone,5,2,5,2,5,5,5,5,5,5,1,1,4,1,1,1,5,5,1,5,1,1,1,1,1,4,1,1,4,1,1,4,1,5,1,1,1,1,4,5,2,2,5,5,1,5,5,5,2,2,1,1,5,4,4,4,1,1,4,2,1,1,4,1,4,1,4,1,1,1,1,4,4,4,198,2311
B,5,M,1,4, Nichts, Weniger als 5 CHF,iPhone,5,3,3,2,4,5,-1,4,3,5,1,1,1,1,1,3,1,1,1,3,1,4,1,2,1,1,1,1,2,1,1,1,5,1,1,1,1,4,1,4,3,1,5,5,3,3,4,5,4,3,1,1,3,4,4,4,1,5,5,4,4,1,1,1,4,1,4,4,1,1,3,4,5,3,199,2316
B,5,W,2,3, Weniger als 5 CHF, Bis 20 CHF,iPhone,5,4,3,5,5,5,5,5,5,4,1,1,5,1,1,3,1,1,1,5,4,1,1,1,1,1,1,1,1,1,1,1,1,1,1,1,1,4,3,4,5,5,5,5,3,3,5,5,5,4,4,4,4,4,4,5,4,5,5,5,5,4,2,4,5,3,4,4,1,1,3,4,5,4,200,1813
B,6,M,5,3, Weniger als 5 CHF, Weniger als 5 CHF,Android ,5,5,5,5,5,5,5,5,5,5,5,5,1,1,1,5,1,1,1,1,1,1,1,1,1,1,1,1,1,1,1,1,1,1,1,1,1,1,1,5,5,5,5,5,5,5,5,5,5,5,5,4,4,4,4,4,4,4,4,4,2,5,5,3,2,2,3,2,2,2,2,2,2,2,201,2345
B,6,M,2,5, Nichts, Bis 10 CHF,iPhone,5,5,1,5,5,5,5,5,5,5,5,5,2,1,1,1,1,1,1,5,1,4,1,1,1,1,1,1,1,1,1,1,1,1,1,1,1,4,1,4,5,1,5,5,3,3,4,1,5,3,1,2,4,4,3,5,4,5,5,5,2,2,2,2,3,1,5,5,1,1,3,4,5,1,202,1567
B,5,M,3,2, Weniger als 5 CHF, Bis 20 CHF,iPhone,5,5,4,5,5,5,5,5,5,5,1,1,5,1,1,2,1,1,1,1,5,1,1,1,2,3,1,2,1,1,1,5,1,1,1,1,1,3,1,5,1,1,5,5,3,5,5,5,5,1,1,1,5,5,4,5,1,4,5,5,3,1,4,1,5,1,5,5,1,4,3,5,5,4,203,2024
B,2,M,2,3, Bis 10 CHF, Bis 20 CHF,iPhone,5,4,2,4,3,3,2,4,4,4,-1,-1,-1,-1,-1,-1,-1,-1,-1,-1,-1,5,-1,-1,-1,-1,-1,-1,-1,-1,-1,-1,-1,-1,-1,-1,-1,3,2,5,4,4,4,3,2,3,4,5,4,4,4,-1,3,4,3,5,1,4,3,3,3,1,1,1,4,3,3,2,-1,-1,2,4,5,-1,204,1355
B,3,M,1,2, Weniger als 5 CHF, Nichts,Android ,5,5,5,5,5,5,5,4,5,5,-1,-1,-1,-1,-1,-1,-1,-1,-1,-1,-1,5,-1,-1,-1,-1,-1,-1,3,-1,4,-1,-1,-1,-1,-1,-1,2,1,4,4,4,5,5,3,4,5,5,3,5,1,1,5,4,4,5,3,5,5,4,3,1,1,1,2,2,5,2,1,1,1,4,5,1,205,1557
B,3,M,3,3, Bis 20 CHF, Bis 20 CHF,iPhone,5,4,4,4,5,4,5,5,5,5,4,1,3,1,1,4,1,1,1,1,1,4,1,2,1,4,1,1,1,1,1,1,1,4,1,1,1,4,4,5,5,1,5,5,1,1,5,5,4,1,1,4,5,4,4,5,1,4,4,4,4,4,1,1,4,1,5,1,1,1,4,4,5,1,206,2549
B,5,M,3,4, Nichts, Bis 10 CHF,iPhone,5,4,-1,3,4,4,-1,4,3,5,4,-1,-1,-1,-1,-1,-1,-1,-1,5,-1,4,-1,-1,-1,-1,-1,-1,-1,-1,-1,-1,-1,3,-1,-1,-1,3,2,3,4,1,5,4,2,3,4,4,3,4,3,1,4,4,3,4,3,4,3,5,4,3,1,3,4,1,4,2,1,1,2,4,5,1,207,1554
B,5,M,2,3, Weniger als 5 CHF, Bis 10 CHF,Android ,5,5,5,5,5,5,5,4,4,4,5,-1,4,4,-1,3,-1,-1,5,-1,-1,-1,2,-1,-1,2,-1,-1,-1,-1,-1,-1,-1,5,-1,5,-1,4,-1,5,4,4,5,5,4,4,5,4,5,5,4,-1,5,4,4,5,2,2,2,4,5,4,4,4,5,3,5,5,-1,4,4,4,5,4,208,2253
B,4,W,3,5, Weniger als 5 CHF, Weniger als 5 CHF,iPhone,5,4,3,3,5,4,2,4,4,5,2,1,1,1,1,1,1,1,1,1,1,1,1,1,1,1,1,1,1,1,3,1,1,3,4,1,1,3,3,5,4,3,5,4,4,4,3,5,4,4,4,2,3,3,4,5,2,2,5,4,4,2,2,2,4,2,4,1,1,1,3,1,4,1,209,2468
B,5,M,3,2, Weniger als 5 CHF, Nichts,iPhone,5,5,2,5,5,5,5,5,5,5,1,1,5,1,1,5,1,1,1,1,1,1,1,1,1,2,1,1,1,1,1,1,1,4,1,1,1,4,1,5,4,2,5,5,5,3,5,5,3,4,1,1,5,5,1,5,1,1,5,2,2,5,1,1,4,1,5,4,1,1,4,4,1,1,210,1547
B,4,W,4,5, Weniger als 5 CHF, Bis 20 CHF,Android ,5,-1,-1,-1,4,5,-1,4,4,5,4,-1,-1,-1,-1,-1,-1,-1,-1,2,-1,1,-1,4,-1,-1,-1,-1,3,-1,-1,-1,-1,-1,-1,-1,-1,4,-1,4,3,3,5,5,4,4,2,5,2,2,2,1,5,4,3,5,4,4,3,5,4,3,1,1,4,1,4,1,-1,-1,3,3,5,-1,211,2328
B,5,W,1,4, Weniger als 5 CHF, Mehr als 20 CHF,Android ,5,3,2,4,3,4,1,2,1,5,3,1,1,1,1,1,1,1,1,1,1,5,3,1,1,3,2,1,1,1,1,1,1,1,1,1,1,3,1,5,3,2,4,2,1,1,4,5,4,4,3,1,1,3,1,3,1,1,5,3,5,2,1,1,4,1,4,1,1,1,1,1,5,1,212,2206
B,5,W,2,4, Nichts, Bis 10 CHF,Android ,5,5,3,2,5,5,-1,3,5,5,1,1,1,1,1,1,1,1,1,4,1,4,1,1,1,1,1,1,1,2,1,1,1,1,1,1,1,3,1,2,4,1,5,3,2,4,3,5,1,1,1,1,4,5,4,5,4,4,5,5,3,2,1,5,4,1,5,5,1,1,2,1,5,1,213,2130
B,6,W,4,3, Weniger als 5 CHF, Bis 20 CHF,iPhone,-1,-1,2,5,5,-1,-1,-1,-1,5,1,1,1,1,1,1,1,1,1,1,1,5,1,3,1,1,1,1,1,3,1,4,1,1,1,1,1,4,1,5,4,5,5,5,3,3,4,5,4,4,2,1,3,3,4,5,2,5,5,5,3,3,1,1,5,1,5,5,1,1,2,5,5,1,214,1919
B,3,M,2,2, Weniger als 5 CHF, Nichts,Android ,5,5,5,5,5,5,5,5,5,4,1,1,1,1,4,1,1,1,1,4,3,1,1,1,1,1,1,1,1,1,1,1,1,1,1,1,1,3,2,4,3,1,5,4,4,5,5,5,1,4,1,1,3,4,4,5,1,1,3,4,3,1,1,1,5,1,4,4,1,1,2,3,5,1,215,2056
B,6,M,5,3, Nichts, Nichts,Android ,5,5,3,5,5,5,5,5,5,5,-1,-1,-1,-1,-1,-1,-1,-1,-1,-1,5,-1,-1,-1,-1,-1,-1,-1,-1,-1,-1,-1,-1,-1,-1,-1,-1,3,-1,1,3,1,5,5,1,3,5,5,5,4,1,1,4,5,4,5,1,3,4,4,3,1,1,5,3,3,5,1,1,1,1,3,5,1,216,1849
B,5,M,5,3, Weniger als 5 CHF, Weniger als 5 CHF,Android ,5,5,1,5,3,5,5,5,4,5,1,1,1,1,1,1,1,1,1,1,5,1,1,1,1,1,1,1,1,2,1,1,1,1,1,1,1,2,2,5,4,1,5,4,1,1,4,5,1,3,1,1,3,3,4,4,2,3,5,4,4,4,1,1,4,1,5,4,1,1,3,4,5,1,217,2554
B,7,M,3,4, Nichts, Bis 20 CHF,Android ,5,5,1,5,5,5,5,5,5,5,-1,-1,-1,-1,-1,-1,-1,-1,-1,5,-1,3,-1,3,-1,-1,3,3,2,2,-1,-1,-1,-1,-1,5,-1,3,3,3,1,2,5,4,2,2,4,5,5,5,5,4,4,3,2,4,4,1,4,5,5,4,1,1,4,2,4,4,1,5,3,4,5,1,218,2554
B,4,M,3,3, Nichts, Nichts,iPhone,5,5,5,-1,5,5,5,5,4,4,1,1,4,1,1,2,1,1,1,1,1,2,1,2,1,3,1,1,2,1,1,1,1,1,1,1,1,3,-1,4,3,2,5,3,3,2,2,4,3,3,1,3,4,3,4,5,1,2,2,3,5,2,2,2,4,1,4,3,1,1,2,4,3,2,219,1583
B,5,M,2,1, Nichts, Nichts,Android ,5,5,4,4,5,4,3,4,1,4,1,1,1,1,1,1,1,1,1,1,1,4,1,1,1,3,1,1,1,1,1,1,1,1,1,1,1,1,2,5,4,3,5,5,2,3,2,5,1,4,1,1,5,2,3,4,1,3,3,4,2,3,1,1,4,2,4,1,1,1,2,3,5,1,220,1538
B,5,W,2,2, Nichts, Weniger als 5 CHF,iPhone,5,5,5,5,5,5,5,5,5,5,-1,-1,-1,-1,-1,-1,-1,-1,-1,-1,-1,-1,2,-1,-1,3,-1,-1,-1,-1,-1,-1,-1,5,-1,-1,-1,4,2,5,5,5,5,5,3,4,1,5,1,4,1,1,5,5,5,5,2,5,5,5,5,5,1,1,5,1,5,1,1,1,3,2,5,1,221,2364
B,6,W,3,5, Nichts, Nichts,Android ,5,4,2,2,4,5,4,2,2,5,1,1,1,1,1,3,4,1,1,1,3,1,1,1,1,1,1,1,1,1,1,1,1,4,1,1,1,4,1,4,3,1,5,5,4,4,4,1,1,5,1,1,5,5,4,5,1,1,5,3,3,4,4,1,4,1,4,4,1,1,2,2,3,1,222,1249
B,5,M,1,4, Weniger als 5 CHF, Bis 10 CHF,Android ,5,5,2,5,4,5,5,5,4,4,-1,-1,-1,-1,5,-1,-1,-1,-1,-1,-1,-1,-1,-1,-1,-1,-1,-1,-1,-1,-1,-1,-1,-1,-1,-1,-1,3,-1,4,4,4,5,4,3,4,3,5,4,4,3,1,1,4,1,5,2,1,4,5,2,4,1,3,3,1,3,3,-1,-1,-1,3,5,-1,223,1574
B,3,M,1,2, Nichts, Mehr als 20 CHF,Android ,-1,3,4,3,-1,-1,-1,-1,-1,4,1,1,1,1,1,1,1,1,1,1,1,1,1,3,1,3,1,2,1,1,4,1,1,1,1,1,1,3,3,3,2,4,5,5,1,3,4,5,5,4,3,1,1,3,3,4,3,4,4,4,4,1,1,1,4,4,4,2,1,1,2,3,5,3,224,2461
B,4,W,1,1, Nichts, Bis 20 CHF,Android ,5,4,3,4,5,3,5,3,2,5,1,1,1,1,1,1,1,1,1,1,1,1,1,1,1,1,1,1,1,4,1,1,1,1,1,1,1,4,4,3,1,5,5,5,4,5,5,1,1,4,1,1,3,4,4,5,2,1,2,5,2,4,1,4,4,1,4,1,1,1,1,1,4,1,225,1738
B,5,M,1,4, Nichts, Nichts,Android ,5,4,3,4,4,5,5,5,5,5,-1,-1,5,-1,-1,4,-1,-1,-1,5,-1,3,-1,-1,-1,-1,-1,-1,3,-1,-1,-1,-1,-1,-1,-1,-1,3,-1,5,1,2,5,5,5,-1,4,5,4,5,-1,1,1,5,4,5,4,1,5,5,1,4,1,4,5,1,4,1,1,1,2,1,5,1,226,1931
B,5,M,1,2, Weniger als 5 CHF, Mehr als 20 CHF,iPhone,5,5,5,5,5,5,5,5,5,-1,1,1,1,1,1,1,1,1,1,1,1,1,1,1,1,1,1,1,1,1,1,1,1,1,1,1,1,3,2,5,2,2,5,5,1,4,5,5,4,5,2,3,5,4,4,4,4,5,5,5,4,4,1,2,5,1,5,3,1,4,4,2,5,2,227,2325
B,4,W,3,4, Weniger als 5 CHF, Mehr als 20 CHF,Android ,5,5,5,5,5,-1,-1,5,5,4,-1,-1,2,1,1,1,4,-1,-1,-1,4,4,1,1,-1,3,-1,-1,2,2,-1,-1,-1,-1,-1,-1,-1,-1,3,4,4,4,5,5,4,4,5,5,4,4,3,2,4,4,4,4,3,4,5,5,1,4,1,4,4,2,3,3,-1,-1,3,3,5,3,228,1783
B,6,W,1,4, Bis 10 CHF, Mehr als 20 CHF,Android ,5,5,-1,5,4,5,2,2,2,5,-1,-1,-1,-1,-1,2,-1,-1,-1,5,-1,-1,-1,2,-1,2,1,-1,2,2,2,-1,-1,3,-1,-1,-1,4,1,5,3,3,5,5,4,5,5,5,5,5,2,-1,-1,5,5,5,2,5,4,4,-1,3,-1,-1,5,2,5,2,-1,-1,2,3,5,4,229,1237
B,5,W,1,3, Nichts, Nichts,iPhone,5,3,2,4,5,5,5,5,5,4,-1,-1,-1,-1,-1,-1,-1,-1,-1,-1,-1,-1,-1,-1,-1,-1,-1,-1,-1,-1,-1,-1,-1,-1,-1,-1,-1,3,4,5,2,1,5,5,2,1,4,5,1,4,1,1,4,3,3,4,3,4,5,3,1,1,1,1,4,1,5,1,1,1,1,3,5,1,230,1519
B,3,M,1,5, Nichts, Mehr als 20 CHF,iPhone,5,1,5,5,5,-1,5,5,5,5,-1,1,-1,-1,-1,-1,-1,-1,-1,-1,-1,-1,-1,-1,-1,3,-1,-1,-1,-1,-1,-1,-1,-1,-1,-1,-1,4,-1,5,2,1,5,5,3,3,3,5,1,4,1,1,4,5,3,5,1,1,3,3,1,3,1,1,3,1,4,1,1,1,1,5,3,1,231,2432
B,4,M,2,2, Nichts, Nichts,Android ,5,-1,1,3,4,5,5,5,5,5,-1,-1,1,-1,5,-1,-1,-1,-1,5,-1,5,-1,-1,-1,-1,-1,-1,2,-1,-1,2,-1,-1,-1,-1,-1,3,1,4,1,2,4,4,2,1,4,3,3,3,2,1,4,3,4,5,1,5,5,4,1,3,1,1,4,1,2,3,1,1,1,1,5,1,232,1563
B,5,W,4,3, Weniger als 5 CHF, Mehr als 20 CHF,iPhone,5,4,4,4,4,4,5,5,5,4,-1,-1,4,-1,-1,-1,-1,-1,-1,-1,4,-1,-1,-1,-1,-1,-1,-1,-1,-1,-1,-1,-1,-1,-1,-1,-1,3,2,4,4,4,5,5,4,4,4,5,5,5,4,1,4,4,4,4,2,3,5,2,4,2,2,2,4,4,4,4,1,1,2,3,5,2,233,1693
B,5,W,1,3, Nichts, Weniger als 5 CHF,Android ,5,4,-1,4,4,-1,-1,5,4,4,1,1,1,1,1,2,1,1,1,1,1,3,1,1,1,1,1,1,1,1,1,1,1,1,1,1,1,2,1,4,2,3,5,4,1,2,4,4,3,4,-1,1,3,3,3,4,1,1,1,3,1,1,1,2,3,1,4,1,1,1,2,3,4,1,234,2349
B,2,W,1,3, Nichts, Nichts,Android ,5,1,2,1,1,3,2,3,2,5,-1,-1,-1,-1,-1,4,-1,-1,-1,-1,-1,-1,-1,-1,-1,-1,5,-1,-1,-1,-1,-1,-1,-1,-1,-1,-1,4,2,5,2,2,3,3,2,2,3,5,3,3,4,5,2,4,4,4,1,1,1,3,1,1,1,3,5,1,2,1,1,1,1,1,3,1,235,1904
B,5,W,1,3, Nichts, Weniger als 5 CHF,Android ,5,4,3,3,4,4,4,3,3,5,1,1,1,1,1,3,3,1,1,5,1,4,1,1,1,1,1,1,1,1,1,1,1,1,1,1,1,3,1,4,3,4,5,4,1,1,5,5,5,4,1,1,3,3,3,5,1,4,5,5,1,1,1,1,4,3,4,4,1,1,1,1,5,1,236,2436
B,5,W,1,4, Weniger als 5 CHF, Weniger als 5 CHF,iPhone,5,5,3,5,5,5,4,5,4,4,1,1,2,1,5,3,4,1,1,4,1,4,1,1,1,1,1,1,1,1,1,3,1,1,1,1,1,1,4,5,1,1,5,5,1,1,5,4,4,4,1,1,4,3,3,5,2,5,5,2,3,4,1,4,5,1,4,4,1,1,1,4,4,1,237,1896
B,4,W,1,2, Nichts, Nichts,Android ,5,5,-1,4,5,4,4,5,4,4,-1,-1,-1,-1,-1,2,-1,-1,-1,-1,-1,-1,-1,-1,-1,-1,-1,-1,-1,1,-1,-1,-1,4,-1,-1,-1,3,1,4,1,3,5,4,3,3,4,5,4,4,-1,1,2,3,4,4,4,4,5,4,4,4,-1,1,5,3,4,4,-1,-1,1,2,5,1,238,2440
B,4,W,1,2, Weniger als 5 CHF, Nichts,iPhone,5,5,2,5,4,4,5,5,5,5,5,4,1,1,1,1,1,1,1,1,5,5,1,1,1,1,5,1,1,1,1,1,1,4,1,1,1,4,5,5,2,2,5,3,4,4,4,5,4,4,2,1,5,5,4,5,4,4,5,4,1,1,1,1,4,3,4,4,1,1,2,1,5,1,239,2166
B,4,W,1,4, Nichts, Nichts,Android ,5,4,1,2,4,5,3,2,3,5,3,4,1,1,1,4,1,1,4,5,1,1,1,1,1,4,1,1,1,1,1,1,1,1,1,1,1,1,1,4,4,2,5,4,3,3,4,5,4,3,2,1,3,4,4,5,3,4,4,4,2,4,1,1,4,2,4,2,2,2,2,4,2,1,240,1385
B,5,M,2,2, Nichts, Nichts,iPhone,2,5,3,5,3,2,2,1,1,4,1,1,1,1,1,1,1,1,1,1,4,1,1,1,1,1,1,4,1,1,1,3,1,1,1,1,1,3,2,5,3,5,5,4,3,4,3,5,1,3,1,1,1,1,5,1,1,5,5,5,5,2,1,1,1,1,1,4,1,1,1,4,1,1,241,1961
B,4,M,4,2,NA,NA,iPhone,5,4,2,4,5,5,5,4,4,5,1,5,4,1,1,1,1,4,1,5,3,1,1,1,1,1,1,3,1,1,1,1,1,1,1,1,1,1,1,4,3,2,5,5,3,3,3,5,2,2,2,4,5,3,3,5,2,1,1,5,5,4,1,1,4,1,4,4,1,1,3,4,5,4,242,1657
B,6,W,4,4, Weniger als 5 CHF, Weniger als 5 CHF,iPhone,5,5,5,5,5,5,5,5,5,5,2,2,1,1,4,2,1,1,1,4,1,1,1,3,1,1,1,1,2,3,1,2,1,2,1,1,1,2,2,5,4,2,5,4,4,4,4,4,4,3,2,1,4,3,3,4,3,4,4,3,4,2,2,1,4,1,2,2,1,1,2,4,5,1,243,1700
B,2,M,-999,-999,NA,NA,iPhone,5,2,2,2,4,5,5,5,5,5,1,1,1,1,1,3,1,1,1,1,1,1,1,1,1,1,1,1,1,1,5,1,1,3,1,1,1,1,3,4,4,5,5,3,4,4,4,5,1,3,3,1,5,5,2,5,1,1,5,3,4,3,1,4,3,3,4,3,1,1,2,3,5,1,244,1496
B,3,W,1,3,NA,NA,Android ,5,2,-1,2,5,-1,5,2,3,4,-1,-1,-1,-1,-1,-1,-1,-1,-1,-1,-1,3,-1,-1,-1,-1,-1,-1,-1,-1,-1,-1,-1,-1,-1,-1,-1,3,-1,5,1,2,5,4,-1,-1,4,5,3,3,1,1,3,3,4,5,1,1,3,4,1,2,1,1,4,1,4,2,1,1,2,1,4,1,245,1990
B,5,M,1,4, Weniger als 5 CHF, Bis 20 CHF,Android ,5,5,5,5,5,5,5,5,5,5,4,3,1,1,1,1,1,1,1,1,1,1,1,3,1,1,1,1,1,3,1,1,1,1,1,1,1,3,2,3,1,1,4,4,1,4,4,5,3,3,3,1,3,3,3,4,5,4,4,4,1,1,1,1,3,1,4,1,1,1,3,1,5,1,246,2219
B,3,M,2,5, Bis 20 CHF, Bis 20 CHF,Android ,5,4,1,4,3,-1,4,4,3,4,1,1,1,1,1,1,1,1,1,3,2,3,1,2,1,3,1,2,1,1,1,1,1,1,1,1,1,2,1,NA,NA,NA,NA,NA,NA,NA,NA,NA,NA,NA,NA,NA,NA,NA,NA,NA,NA,NA,NA,NA,NA,NA,NA,NA,NA,NA,NA,NA,NA,NA,NA,NA,NA,NA,247,2737
B,6,M,4,5, Weniger als 5 CHF, Mehr als 20 CHF,Android ,5,5,2,2,5,5,4,5,5,5,2,1,1,1,1,1,1,1,1,1,1,1,1,1,1,1,1,1,1,1,1,1,1,1,1,1,1,4,4,5,4,4,5,4,2,5,5,5,2,4,4,1,5,4,2,5,3,3,5,4,5,3,2,1,4,4,4,4,1,1,2,3,5,1,248,2141
B,4,M,3,4, Nichts, Mehr als 20 CHF,Android ,5,4,4,4,4,3,-1,4,4,5,3,1,1,1,1,1,1,1,1,5,1,4,1,1,1,1,1,1,1,1,3,1,1,1,1,1,1,3,1,4,2,1,5,5,1,1,5,5,4,3,1,1,5,4,3,5,4,5,5,5,4,1,1,1,4,1,4,4,1,1,3,3,5,2,249,1436
B,6,M,4,4, Bis 10 CHF, Bis 20 CHF,Android ,5,4,2,2,4,5,5,5,5,5,-1,-1,-1,-1,-1,-1,-1,-1,-1,4,-1,-1,-1,-1,-1,-1,-1,-1,4,-1,5,-1,-1,5,-1,-1,-1,-1,-1,5,4,-1,5,5,5,4,4,5,4,4,4,-1,5,5,5,5,4,5,5,5,5,-1,-1,-1,4,-1,5,-1,-1,-1,3,3,5,-1,250,1653
B,5,M,1,3, Bis 20 CHF, Mehr als 20 CHF,Android ,5,5,5,5,5,5,5,5,5,5,5,2,2,2,5,1,1,1,1,1,1,1,1,1,1,1,1,1,1,1,2,1,1,1,1,1,1,3,2,5,5,5,5,5,5,5,5,5,5,5,5,1,2,5,4,5,2,3,4,5,2,2,2,1,2,1,3,3,1,1,5,5,5,5,251,2182
B,3,M,1,3, Bis 10 CHF, Nichts,Mobiltelefon,NA,NA,NA,NA,NA,NA,NA,NA,NA,5,1,1,3,1,1,2,1,1,1,1,1,1,2,1,1,1,1,1,1,1,1,1,1,1,1,1,1,2,1,NA,NA,NA,NA,NA,NA,NA,NA,NA,NA,NA,NA,NA,NA,NA,NA,NA,NA,NA,NA,NA,NA,NA,NA,NA,NA,NA,NA,NA,NA,NA,NA,NA,NA,NA,252,1961
B,5,M,2,4, Weniger als 5 CHF, Bis 10 CHF,Android ,5,5,5,5,5,5,5,5,5,1,3,1,1,1,4,1,1,1,1,1,1,3,1,1,1,1,1,1,2,1,1,1,1,1,1,1,1,3,3,4,5,3,5,4,3,3,5,5,1,3,1,1,4,3,4,4,1,1,5,4,4,2,1,1,3,1,4,4,1,1,3,4,5,1,253,1784
B,5,W,2,3, Weniger als 5 CHF, Nichts,iPhone,5,5,5,5,5,5,5,5,5,5,1,1,1,1,1,1,1,1,1,5,1,3,1,1,1,1,1,1,1,1,1,1,1,1,1,1,1,3,1,4,4,4,5,5,2,2,4,5,5,4,1,1,4,3,2,4,1,1,5,4,4,4,1,3,4,1,4,2,1,1,1,3,5,2,254,1374
B,6,M,4,4, Weniger als 5 CHF, Weniger als 5 CHF,Android ,5,4,4,4,4,5,5,5,5,5,2,1,1,1,1,1,1,1,1,5,1,1,1,1,4,1,1,1,2,1,3,1,1,1,3,4,1,4,4,4,5,5,5,5,2,4,5,5,5,1,1,4,4,3,4,5,2,5,5,5,5,2,2,3,5,5,5,5,1,4,3,3,5,2,255,2009
B,6,M,4,3, Bis 10 CHF, Bis 10 CHF,Android ,5,5,-1,5,5,5,3,4,4,5,1,1,1,1,1,2,2,1,1,4,1,3,1,4,1,3,1,1,4,2,1,1,1,1,1,1,1,4,2,4,3,4,5,4,2,4,4,5,5,3,2,2,3,4,4,4,4,3,3,5,4,1,1,1,3,3,5,4,1,1,2,4,5,2,256,1472
B,5,W,4,3, Bis 10 CHF, Nichts,Android ,5,5,1,5,5,5,4,4,5,5,-1,-1,-1,-1,-1,3,-1,-1,-1,4,-1,-1,-1,-1,-1,3,-1,-1,-1,-1,-1,-1,-1,-1,-1,-1,-1,3,4,5,5,5,5,5,3,5,3,5,1,3,1,1,1,4,4,4,1,1,1,3,1,1,1,3,5,3,5,5,2,1,1,4,5,3,257,1913
B,6,M,4,4, Bis 10 CHF, Nichts,iPhone,3,5,4,5,5,2,3,2,4,5,-1,-1,5,-1,-1,3,4,-1,-1,5,-1,3,-1,-1,-1,-1,-1,-1,2,-1,-1,-1,-1,2,-1,-1,-1,2,1,4,2,3,5,3,4,3,4,5,4,3,2,2,3,2,2,5,2,4,4,4,3,2,1,2,3,1,5,2,1,1,2,1,5,1,258,2092
B,3,M,2,2, Weniger als 5 CHF, Mehr als 20 CHF,Android ,5,5,3,4,4,4,4,4,4,5,-1,-1,-1,-1,-1,-1,-1,-1,-1,-1,-1,-1,-1,2,-1,2,-1,-1,-1,-1,-1,-1,-1,-1,-1,-1,-1,3,2,5,3,2,5,4,2,2,3,5,3,2,1,2,1,4,4,5,2,1,4,4,5,2,1,1,3,1,4,4,1,1,2,3,5,2,259,1637
B,3,W,1,1, Nichts, Mehr als 20 CHF,iPhone,5,5,1,5,4,5,1,1,1,5,1,1,1,1,1,1,1,1,1,1,1,1,1,1,1,4,1,1,1,1,1,1,1,1,1,1,1,4,4,5,4,5,5,3,5,5,2,5,2,2,1,1,1,4,3,5,1,1,5,1,1,3,1,1,5,1,3,3,1,1,2,5,5,3,260,1653
B,6,M,-999,-999, Weniger als 5 CHF, Bis 10 CHF,Andere,5,5,2,3,5,5,5,5,4,5,5,5,-1,-1,-1,-1,-1,-1,-1,5,-1,-1,-1,-1,-1,-1,4,-1,-1,-1,-1,-1,-1,-1,-1,-1,-1,4,-1,NA,NA,NA,NA,NA,NA,NA,NA,NA,NA,NA,NA,NA,NA,NA,NA,NA,NA,NA,NA,NA,NA,NA,NA,NA,NA,NA,NA,NA,NA,NA,NA,NA,NA,NA,261,2224
B,4,W,2,3, Weniger als 5 CHF, Weniger als 5 CHF,iPhone,5,3,2,3,5,5,5,5,5,5,1,1,5,1,1,1,1,5,5,4,4,1,2,1,1,3,1,1,1,1,1,1,1,3,1,1,1,4,3,5,4,3,5,4,4,4,4,5,4,3,3,2,2,3,3,5,1,5,5,5,3,3,1,3,5,1,3,3,1,1,5,3,5,3,262,1937
B,6,M,4,5, Weniger als 5 CHF, Bis 20 CHF,iPhone,5,5,1,4,4,5,4,3,1,5,5,1,1,1,1,4,1,1,1,1,1,1,1,1,4,5,1,1,1,1,1,1,1,1,1,1,1,3,1,4,4,2,5,4,3,4,3,5,4,4,4,1,4,5,4,4,5,4,5,5,5,1,1,1,4,1,5,5,1,1,4,4,5,1,263,2368
B,4,W,1,1,NA,NA,Android ,5,4,2,4,3,2,1,5,5,5,1,1,1,1,1,2,1,1,1,1,1,5,1,1,1,1,1,1,1,1,1,1,1,1,1,1,1,4,1,4,1,1,5,1,2,1,1,5,1,4,1,1,4,4,4,4,2,1,2,2,2,2,1,1,4,1,4,1,1,1,1,2,5,1,264,1870
B,4,W,2,4, Weniger als 5 CHF, Bis 10 CHF,Android ,5,4,1,4,3,5,2,1,2,5,-1,-1,-1,-1,-1,-1,-1,-1,-1,-1,-1,-1,4,-1,-1,2,-1,-1,-1,-1,3,-1,-1,5,-1,-1,-1,3,1,4,2,-1,5,5,5,5,1,5,1,1,1,1,5,4,4,5,1,1,1,5,4,5,1,1,4,1,4,3,1,-1,2,4,3,1,265,2358
B,5,M,1,1, Weniger als 5 CHF, Bis 10 CHF,Android ,5,4,2,5,5,4,5,4,4,-1,-1,5,-1,-1,5,3,-1,-1,-1,5,-1,5,-1,-1,-1,3,-1,-1,4,-1,-1,-1,-1,-1,-1,-1,-1,4,1,4,4,1,5,5,3,4,1,5,3,1,2,1,1,5,5,5,4,4,4,5,5,3,-1,1,3,1,5,4,1,1,4,4,5,1,266,1895
B,4,W,1,3, Nichts, Mehr als 20 CHF,Andere,5,4,2,2,4,5,5,2,4,5,1,1,1,1,1,1,1,1,1,2,1,1,1,1,1,1,1,1,1,1,1,1,1,2,1,1,1,4,2,4,2,2,5,4,2,4,5,5,5,5,5,1,1,4,4,5,1,4,5,5,1,3,1,5,4,2,4,1,1,1,2,3,5,1,267,2128
B,4,M,2,1, Weniger als 5 CHF, Mehr als 20 CHF,iPhone,5,5,3,5,5,5,5,5,2,5,2,1,1,1,5,1,1,1,1,1,1,5,1,1,1,2,1,1,1,1,1,3,1,1,1,1,1,1,4,5,5,2,5,5,4,4,5,5,2,5,2,1,4,4,4,5,1,4,1,5,4,4,1,2,3,1,4,5,1,1,2,5,5,1,268,1726
B,5,M,4,4, Nichts, Mehr als 20 CHF,Android ,5,5,5,5,5,5,-1,4,5,5,-1,2,5,-1,-1,-1,-1,-1,-1,-1,-1,-1,-1,-1,-1,3,-1,-1,-1,-1,-1,-1,3,4,-1,-1,-1,4,2,5,3,3,5,5,4,4,5,5,5,5,1,1,3,4,3,5,5,2,5,4,4,3,1,1,4,1,3,3,2,1,2,4,5,1,269,2054
B,4,W,2,3, Nichts, Bis 20 CHF,iPhone,5,5,-1,5,4,5,5,5,5,5,1,1,1,1,1,3,1,1,1,1,1,1,1,1,1,1,1,1,1,1,1,1,1,1,1,1,1,1,1,4,2,3,5,3,1,3,4,5,1,2,1,1,1,4,4,5,4,5,5,4,5,1,1,1,4,1,5,2,1,1,1,3,5,1,270,1871
B,3,M,2,3, Weniger als 5 CHF, Nichts,Android ,5,5,3,5,5,5,5,5,5,5,4,2,1,1,1,1,1,1,1,1,1,1,1,1,1,1,1,1,1,1,1,1,1,1,1,1,1,4,1,5,4,1,5,4,2,2,3,5,4,4,1,1,1,4,4,4,4,4,4,4,4,4,1,1,4,1,5,5,1,1,1,4,4,1,271,2395
B,6,M,3,4, Nichts, Nichts,iPhone,5,5,1,5,5,5,5,5,5,4,5,1,2,1,1,1,1,1,1,1,1,4,1,1,1,1,1,1,1,1,3,3,1,1,1,1,1,4,1,4,3,4,5,5,4,5,4,4,5,4,4,5,4,5,5,5,2,3,5,5,3,2,1,1,5,4,4,4,1,4,3,4,5,2,272,1586
B,5,M,4,5, Weniger als 5 CHF, Mehr als 20 CHF,iPhone,5,4,3,4,4,5,4,4,5,5,1,1,5,1,1,1,1,1,1,4,1,1,1,1,1,1,1,1,1,1,1,5,1,1,1,1,1,4,1,5,4,4,5,5,2,3,5,5,4,4,3,1,5,3,3,5,2,4,5,4,5,2,1,2,5,1,4,4,1,1,3,4,5,1,273,2333
B,7,M,1,1, Nichts, Bis 10 CHF,iPhone,5,5,1,5,5,5,5,5,5,5,5,1,1,1,3,1,1,1,3,5,4,1,1,1,1,1,1,1,5,1,1,1,4,1,1,1,1,4,3,5,5,3,5,4,1,3,5,5,3,5,1,1,5,4,3,5,4,5,5,5,5,5,3,3,5,4,4,3,1,1,1,4,5,1,274,2323
B,5,W,3,3, Nichts, Bis 10 CHF,iPhone,5,4,4,3,4,5,-1,4,3,4,3,1,1,1,1,2,1,1,1,4,3,2,1,1,1,4,1,1,1,1,1,1,1,2,1,1,1,3,1,5,3,4,5,4,1,2,1,4,1,4,1,1,3,4,3,5,2,4,4,4,5,3,1,1,5,1,4,4,1,1,1,3,5,1,275,2061
B,5,M,3,2, Bis 10 CHF, Bis 10 CHF,Android ,5,4,3,3,3,4,4,4,4,5,-1,-1,-1,-1,-1,-1,-1,-1,-1,-1,-1,-1,-1,-1,-1,2,-1,-1,-1,-1,-1,-1,-1,-1,-1,-1,-1,-1,-1,-1,-1,-1,-1,5,-1,-1,-1,-1,-1,5,5,-1,-1,-1,2,3,-1,-1,1,5,-1,-1,-1,3,-1,-1,-1,5,-1,-1,-1,-1,-1,-1,276,1941
B,6,W,1,4, Nichts, Bis 20 CHF,Android ,5,4,3,4,4,5,-1,3,3,5,1,1,4,1,1,2,2,5,1,1,1,1,2,1,1,1,1,1,1,1,4,1,1,1,1,1,1,3,2,3,2,3,5,5,4,3,4,5,1,1,1,1,4,4,4,5,3,1,5,4,4,4,3,4,4,2,4,2,1,1,1,3,5,3,277,1385
B,3,W,1,4, Weniger als 5 CHF, Bis 10 CHF,Android ,5,5,5,5,5,4,3,5,5,5,1,1,1,1,1,1,1,1,1,4,1,4,1,1,1,3,1,1,1,1,1,1,1,1,1,1,1,4,4,4,5,5,5,4,4,3,1,5,1,4,1,2,5,5,4,5,4,5,5,4,5,5,1,4,4,3,5,4,1,1,3,4,5,1,278,1186
B,4,M,4,4, Weniger als 5 CHF, Bis 20 CHF,Android ,5,5,5,5,5,5,4,5,5,1,5,1,3,1,5,3,1,1,1,4,1,1,1,1,3,1,1,1,1,1,1,1,1,1,1,1,1,3,1,5,4,3,5,5,2,2,5,5,5,5,3,3,3,3,4,4,3,3,5,5,3,5,5,5,5,5,4,1,1,1,4,4,5,1,279,1625
B,3,W,1,5, Nichts, Bis 20 CHF,Android ,5,4,4,3,4,3,3,2,2,5,1,1,1,1,1,4,1,1,1,1,1,1,1,1,1,1,1,1,1,1,1,1,1,1,1,1,1,4,3,4,1,3,5,5,4,4,4,5,3,3,1,1,3,4,5,5,1,2,4,3,3,1,1,5,4,1,4,4,1,1,2,2,4,1,280,1912
B,6,W,3,3, Nichts, Bis 10 CHF,iPhone,5,4,3,4,5,5,5,4,5,5,1,5,4,1,1,1,1,1,1,5,1,5,1,1,1,4,1,1,1,1,1,1,1,4,1,4,1,3,3,5,3,5,5,4,3,3,5,5,3,4,3,3,2,2,4,5,1,5,5,5,4,4,2,1,4,2,4,3,1,2,3,4,5,3,281,1799
B,4,M,2,3, Bis 10 CHF, Nichts,iPhone,5,5,2,5,5,4,5,3,2,5,2,5,5,1,5,1,1,5,5,5,1,1,1,1,1,4,5,1,1,1,1,1,1,1,1,1,1,3,3,5,4,1,5,5,3,4,5,5,1,3,3,1,2,4,4,4,1,4,4,4,3,3,2,2,1,1,4,4,1,1,3,3,1,1,282,1000
B,5,W,3,4, Weniger als 5 CHF, Bis 20 CHF,iPhone,5,5,3,4,5,5,5,5,4,5,4,4,4,1,5,1,1,1,1,2,4,1,1,1,1,2,5,1,1,1,1,1,1,-1,1,1,1,3,2,5,2,2,5,5,-1,2,5,5,4,4,1,1,5,4,3,5,3,5,5,4,3,2,2,2,5,4,5,5,1,4,3,3,5,3,283,1168
B,6,M,2,5, Weniger als 5 CHF, Nichts,Android ,5,5,-1,2,4,-1,2,5,4,5,3,5,-1,-1,-1,-1,-1,-1,-1,-1,-1,-1,-1,-1,-1,-1,-1,-1,2,-1,-1,-1,-1,-1,-1,-1,-1,3,-1,5,4,4,5,5,4,4,5,5,5,5,5,1,4,5,4,5,4,4,3,5,4,4,3,2,5,4,5,2,4,1,2,3,5,1,284,1783
B,5,M,3,3, Nichts, Mehr als 20 CHF,Android ,5,5,4,4,5,5,5,5,3,5,5,-1,-1,-1,-1,3,-1,-1,-1,4,-1,4,-1,3,-1,-1,-1,-1,3,2,-1,-1,2,-1,-1,-1,-1,3,-1,4,4,4,5,5,3,3,5,5,2,3,2,1,3,3,3,5,4,4,5,5,2,4,-1,-1,5,-1,5,4,-1,-1,3,4,5,-1,285,1909
B,4,M,2,5, Weniger als 5 CHF, Bis 20 CHF,Android ,5,4,3,3,4,4,5,5,4,5,1,1,1,1,1,1,1,1,1,1,1,1,1,1,1,1,1,1,1,1,1,1,1,1,1,1,-1,4,2,5,2,1,5,5,4,5,4,5,2,3,1,1,4,3,3,5,4,1,2,5,3,2,1,1,4,2,4,4,1,1,1,4,5,4,286,2463
B,4,W,1,5, Nichts, Bis 20 CHF,Android ,5,4,2,3,4,-1,-1,1,3,4,2,1,1,1,1,2,2,1,1,1,1,1,1,1,1,2,1,1,1,1,3,1,1,2,1,1,1,3,4,3,2,1,5,4,3,4,4,2,3,4,1,1,1,2,2,2,3,2,4,4,4,1,1,1,5,2,4,2,1,1,1,4,4,3,287,2499
B,6,M,1,5, Nichts, Bis 10 CHF,Android ,5,5,5,5,5,5,5,5,5,4,3,1,5,1,1,1,1,1,1,5,5,1,1,1,1,1,1,1,1,1,1,1,1,1,1,1,1,3,3,5,2,1,5,4,4,4,5,5,4,3,1,1,1,1,2,4,1,1,2,5,1,4,1,3,4,1,4,4,1,1,2,3,5,1,288,1931
B,5,W,1,4, Nichts, Nichts,Android ,5,4,1,4,4,5,5,4,3,5,-1,-1,-1,-1,-1,1,-1,-1,-1,5,-1,-1,-1,-1,-1,-1,-1,-1,-1,-1,-1,-1,-1,-1,-1,-1,-1,4,-1,4,3,4,5,4,4,4,5,4,-1,-1,-1,-1,4,4,4,4,-1,-1,5,5,4,4,-1,-1,4,3,4,4,-1,-1,-1,-1,5,-1,289,2272
B,5,W,1,2, Nichts, Weniger als 5 CHF,iPhone,5,4,1,4,4,5,5,5,1,5,1,1,1,1,1,4,3,1,1,1,1,1,1,1,1,1,1,1,1,1,1,1,1,1,1,1,1,5,1,4,4,4,5,5,2,4,1,3,4,4,1,1,5,3,4,5,4,1,5,4,4,4,1,1,4,4,4,1,1,1,1,3,5,1,290,1652
B,6,M,2,2, Bis 10 CHF, Bis 10 CHF,iPhone,5,5,5,5,5,5,5,4,5,5,5,4,2,3,1,1,1,1,1,1,1,5,5,1,1,1,1,1,1,1,1,1,1,1,1,1,1,5,5,3,2,3,5,4,3,2,2,5,2,4,2,3,2,2,2,5,3,5,4,5,4,2,4,2,3,2,2,2,2,3,2,5,4,4,291,1902
B,6,W,2,5,NA,NA,iPhone,5,3,5,5,5,5,3,5,4,5,5,5,1,1,1,5,1,1,1,1,1,1,5,1,1,1,1,1,1,1,1,1,1,1,1,1,1,5,1,5,5,5,5,5,5,5,5,5,5,5,5,1,5,5,3,5,2,4,4,5,3,1,1,1,4,4,5,5,5,1,3,4,5,2,292,1716
B,3,W,1,3, Weniger als 5 CHF,NA,Android ,5,5,1,5,3,5,5,5,4,4,1,1,1,1,1,1,1,1,1,5,4,4,1,1,1,1,1,1,1,1,1,1,1,3,1,1,1,4,4,5,2,2,5,5,3,2,2,5,2,3,2,2,2,4,5,5,1,1,3,5,3,4,1,1,4,2,5,2,1,2,3,3,4,3,293,2231
B,7,M,4,5, Bis 10 CHF, Weniger als 5 CHF,Android ,4,5,1,5,5,5,4,5,4,4,5,5,3,1,1,3,2,2,1,5,4,5,1,2,2,3,1,1,1,1,1,1,1,1,1,1,3,3,2,4,4,1,5,4,3,3,5,5,4,4,1,1,3,4,4,5,5,3,5,4,4,1,2,2,5,2,4,1,1,1,2,4,5,2,294,2030
B,4,W,3,4, Nichts, Bis 10 CHF,Android ,5,5,4,5,5,5,5,5,1,5,-1,-1,-1,4,-1,1,-1,-1,-1,5,-1,4,-1,-1,-1,3,4,-1,-1,-1,-1,-1,-1,-1,-1,-1,-1,4,3,4,3,1,5,5,5,5,5,5,5,4,1,1,5,4,4,5,5,3,2,5,4,1,1,1,5,2,5,1,1,1,3,1,5,1,295,2266
B,5,M,4,4, Weniger als 5 CHF, Bis 20 CHF,Android ,5,5,-1,5,4,5,-1,4,4,5,4,-1,4,-1,-1,2,3,-1,-1,4,-1,4,-1,4,-1,-1,-1,-1,4,-1,4,-1,-1,-1,-1,-1,-1,3,-1,3,2,2,4,5,4,4,4,5,4,4,4,1,4,3,3,4,4,2,3,5,4,3,4,4,4,1,4,4,1,-1,3,3,5,4,296,1927
B,4,M,3,2, Nichts, Nichts,iPhone,5,4,4,4,5,5,5,5,4,5,1,1,4,1,1,1,1,1,1,5,1,1,1,1,1,1,5,1,1,1,1,1,1,4,1,1,1,3,2,4,5,1,5,4,3,4,4,5,4,3,1,1,5,4,4,5,2,5,5,5,5,4,2,1,1,1,4,2,1,2,3,3,5,2,297,1790
B,5,W,3,3, Nichts, Weniger als 5 CHF,Android ,5,4,3,4,4,5,5,4,4,4,1,1,1,1,1,1,1,1,1,1,1,1,1,1,1,1,1,1,1,1,1,1,1,1,1,1,1,4,4,4,3,4,5,4,2,2,4,5,4,5,-1,1,3,4,3,4,1,1,4,4,3,4,1,3,2,1,4,2,1,1,3,3,5,1,298,1929
B,5,M,4,2, Nichts, Bis 20 CHF,Android ,5,4,4,4,5,5,5,5,5,5,-1,-1,-1,-1,-1,-1,-1,-1,-1,-1,4,-1,-1,4,-1,-1,-1,-1,4,-1,4,-1,-1,5,-1,-1,-1,-1,4,5,4,5,5,5,4,4,5,5,5,4,4,3,5,5,4,5,5,5,5,5,5,5,-1,4,5,3,3,3,3,3,3,4,5,-1,299,1733
B,6,M,2,2, Nichts, Mehr als 20 CHF,iPhone,2,5,4,4,5,4,3,3,2,5,1,1,1,1,1,1,1,1,1,5,1,1,1,1,1,1,1,1,3,1,1,1,2,1,1,1,1,1,1,3,2,4,5,1,2,4,4,4,4,4,2,1,3,4,4,4,1,4,5,4,3,1,1,1,1,1,4,4,1,1,2,1,5,1,300,1618
B,7,M,4,5, Bis 10 CHF, Bis 20 CHF,Android ,5,5,1,5,5,5,5,5,5,-1,-1,3,5,-1,-1,3,5,-1,-1,4,-1,4,-1,-1,-1,-1,-1,2,-1,-1,-1,-1,4,-1,-1,-1,-1,-1,-1,5,3,1,5,4,1,1,5,5,5,4,4,1,3,5,4,5,5,3,5,5,2,2,1,1,4,3,4,4,1,1,4,4,5,1,301,1993
B,4,M,2,4, Weniger als 5 CHF, Nichts,iPhone,5,5,1,5,3,-1,3,1,1,5,-1,-1,-1,-1,-1,4,-1,-1,-1,4,4,-1,-1,-1,-1,-1,-1,-1,-1,-1,-1,-1,-1,3,-1,-1,-1,-1,3,5,4,4,5,5,1,4,5,5,1,1,1,1,1,4,4,5,1,5,5,5,5,4,1,1,5,3,5,4,1,1,1,4,5,1,302,2728
B,5,W,2,2, Nichts, Nichts,Android ,5,5,2,5,5,5,-1,5,1,5,1,1,5,1,1,1,1,1,1,5,1,1,1,1,1,1,1,1,1,1,1,1,1,1,1,1,1,3,-1,3,5,5,5,4,-1,4,5,5,4,5,1,1,1,4,4,5,1,5,5,4,5,1,1,1,5,1,5,5,1,1,3,5,5,1,303,2201
B,5,W,4,3, Nichts, Bis 10 CHF,iPhone,5,5,5,5,5,5,1,5,1,5,1,1,1,1,1,1,2,1,1,5,1,4,1,1,1,3,1,1,1,1,1,1,1,1,1,1,1,3,1,4,3,2,5,5,3,3,1,5,1,1,1,1,4,3,3,4,2,5,5,4,4,3,2,1,3,1,4,3,1,1,3,1,5,1,304,1815
B,3,W,2,1, Nichts, Weniger als 5 CHF,Android ,5,2,1,2,4,4,2,2,4,5,-1,-1,-1,-1,-1,-1,-1,-1,-1,-1,-1,-1,-1,-1,-1,-1,-1,-1,-1,-1,-1,-1,-1,-1,-1,-1,-1,5,-1,4,4,4,5,4,2,2,4,5,5,4,3,1,1,1,1,5,1,2,3,2,2,2,2,2,2,2,4,2,2,2,2,5,2,2,305,2884
B,5,W,1,2, Weniger als 5 CHF, Bis 20 CHF,Mobiltelefon,NA,NA,NA,NA,NA,NA,NA,NA,NA,5,1,1,1,1,1,1,1,1,1,1,1,5,1,1,1,3,1,1,1,1,1,1,1,1,1,1,1,3,-1,NA,NA,NA,NA,NA,NA,NA,NA,NA,NA,NA,NA,NA,NA,NA,NA,NA,NA,NA,NA,NA,NA,NA,NA,NA,NA,NA,NA,NA,NA,NA,NA,NA,NA,NA,306,2035
B,5,K,1,1, Nichts, Nichts,Mobiltelefon,NA,NA,NA,NA,NA,NA,NA,NA,NA,5,3,-1,1,1,1,4,1,1,1,1,1,4,5,1,1,1,5,1,1,1,1,1,1,4,1,1,-1,4,3,NA,NA,NA,NA,NA,NA,NA,NA,NA,NA,NA,NA,NA,NA,NA,NA,NA,NA,NA,NA,NA,NA,NA,NA,NA,NA,NA,NA,NA,NA,NA,NA,NA,NA,NA,307,1930
B,4,M,6,3, Nichts, Bis 10 CHF,Android ,5,5,-1,5,3,4,4,4,4,5,-1,-1,-1,-1,-1,-1,-1,-1,-1,-1,-1,-1,-1,-1,-1,-1,-1,-1,5,-1,-1,-1,-1,5,-1,-1,-1,-1,-1,NA,NA,NA,NA,NA,NA,NA,NA,NA,NA,NA,NA,NA,NA,NA,NA,NA,NA,NA,NA,NA,NA,NA,NA,NA,NA,NA,NA,NA,NA,NA,NA,NA,NA,NA,308,2363
B,3,M,3,4, Weniger als 5 CHF, Bis 20 CHF,iPhone,5,2,4,2,5,4,4,4,4,4,-1,-1,4,-1,-1,4,-1,-1,4,-1,3,-1,-1,-1,2,3,-1,-1,-1,-1,-1,-1,-1,4,-1,-1,-1,4,-1,4,2,-1,5,4,3,3,4,5,4,3,3,-1,3,3,3,5,-1,5,5,3,2,3,-1,-1,5,-1,4,-1,-1,-1,3,4,4,-1,309,2015
B,6,W,3,6, Nichts, Nichts,Android ,4,2,-1,2,1,3,2,2,1,5,2,-1,4,-1,-1,-1,3,-1,-1,-1,-1,3,5,-1,-1,-1,-1,-1,-1,-1,-1,-1,-1,5,-1,-1,-1,2,-1,3,2,1,5,5,-1,2,4,1,4,3,3,1,1,2,2,5,2,1,3,2,1,1,1,1,3,1,4,4,-1,-1,3,-1,-1,-1,310,2021
B,3,W,1,2, Nichts, Weniger als 5 CHF,Android ,5,5,3,5,5,5,5,5,5,4,-1,-1,-1,-1,-1,3,-1,-1,-1,-1,-1,-1,-1,-1,-1,2,-1,-1,-1,-1,-1,-1,-1,-1,-1,-1,-1,2,2,2,4,4,5,4,1,1,1,4,1,2,1,1,1,3,3,4,1,2,4,2,1,3,1,3,4,4,4,2,1,1,1,3,4,1,311,2093
B,2,W,2,3, Nichts, Nichts,iPhone,5,4,1,4,4,2,2,2,2,5,5,-1,2,-1,-1,-1,2,-1,-1,-1,-1,-1,-1,-1,-1,3,-1,-1,-1,-1,-1,-1,-1,-1,-1,-1,-1,4,2,5,1,1,5,5,1,1,4,2,2,5,1,1,1,4,4,5,1,5,5,5,2,3,1,1,5,1,2,2,1,1,1,1,5,1,312,2054
B,5,W,1,4, Nichts, Weniger als 5 CHF,iPhone,5,5,4,5,5,5,5,4,4,5,1,1,1,1,1,2,1,1,1,1,1,1,3,1,1,1,1,1,1,1,3,1,1,1,1,1,1,3,1,3,1,4,5,5,1,3,1,5,1,4,1,1,1,3,3,4,1,5,5,1,1,1,1,1,4,3,5,4,1,1,1,3,5,1,313,1534
B,3,M,2,5, Bis 10 CHF, Bis 20 CHF,Android ,5,5,3,5,5,5,5,5,4,4,4,4,3,3,3,3,4,2,1,3,2,2,2,1,1,4,1,1,3,1,3,2,1,2,1,1,1,3,3,4,4,4,4,4,3,4,3,5,4,4,3,1,4,4,3,5,3,3,4,4,4,3,3,3,4,4,4,3,2,1,3,4,5,3,314,2100
B,4,M,1,4, Nichts, Bis 20 CHF,Android ,3,4,4,4,3,2,1,4,2,5,3,2,-1,-1,-1,3,2,-1,-1,4,-1,4,-1,-1,-1,4,-1,-1,-1,-1,-1,-1,-1,-1,-1,-1,-1,3,3,5,4,4,5,4,3,4,4,4,4,4,1,1,5,2,2,5,4,3,4,4,1,1,2,1,3,2,5,5,1,1,2,1,4,2,315,1849
B,4,M,1,3, Bis 10 CHF, Bis 20 CHF,iPhone,-1,-1,-1,-1,-1,-1,-1,-1,-1,-1,5,1,-1,1,1,1,1,1,1,1,1,4,1,1,1,5,1,3,1,1,1,1,1,1,1,1,1,4,4,-1,5,4,-1,-1,5,5,-1,-1,-1,5,5,1,-1,5,5,-1,2,5,5,-1,5,2,2,2,-1,3,5,4,1,1,5,5,-1,2,316,1810
B,4,M,2,2, Weniger als 5 CHF, Mehr als 20 CHF,Android ,5,5,2,5,5,5,1,5,3,5,1,1,1,1,1,4,1,1,5,1,5,1,1,1,1,4,1,1,1,1,1,1,1,1,1,1,1,5,1,3,2,1,5,4,3,3,5,5,3,4,1,1,3,4,3,5,5,5,4,4,3,3,1,3,4,2,4,2,2,1,3,4,5,2,317,1813
B,5,M,4,1, Nichts, Bis 10 CHF,Android ,5,4,2,4,4,4,5,4,4,2,4,1,1,1,4,1,1,1,2,5,4,1,1,1,2,3,1,1,1,1,1,1,1,1,1,1,1,2,1,5,3,5,5,4,3,3,3,5,3,4,1,1,1,3,4,5,4,5,5,5,5,4,1,3,5,5,4,3,1,1,2,4,5,1,318,1800
B,4,M,2,1, Nichts, Bis 10 CHF,Android ,5,5,1,5,4,3,1,2,1,5,5,5,1,1,1,1,5,1,1,4,1,4,1,1,1,4,1,2,1,1,1,1,1,1,1,1,1,4,4,5,5,4,5,5,1,4,5,5,5,5,5,1,1,4,4,5,3,1,5,4,4,3,5,1,5,1,5,4,1,1,4,4,5,1,319,1456
B,4,M,2,2, Weniger als 5 CHF, Bis 10 CHF,Android ,5,4,4,4,4,4,4,4,4,5,4,2,1,1,1,1,1,1,1,1,1,3,1,1,1,4,1,1,1,1,1,1,1,1,1,1,1,5,4,5,-1,-1,5,5,-1,-1,5,5,4,4,4,-1,4,4,4,4,3,-1,3,3,-1,3,-1,-1,3,-1,3,3,-1,-1,-1,-1,4,-1,320,2535
B,5,M,3,4,NA,NA,iPhone,5,4,4,4,5,5,4,5,5,5,-1,-1,-1,-1,-1,-1,-1,-1,4,-1,-1,4,-1,-1,-1,-1,-1,4,-1,-1,-1,4,-1,-1,-1,-1,-1,-1,-1,4,4,-1,5,5,-1,4,4,5,4,4,4,-1,5,4,4,5,4,5,5,5,5,5,3,3,-1,-1,4,4,-1,-1,3,4,5,4,321,1645
B,5,W,5,5, Weniger als 5 CHF, Bis 10 CHF,Android ,5,3,1,1,5,4,-1,5,2,3,3,1,5,1,1,1,2,1,1,4,1,3,1,1,1,1,1,1,1,4,1,5,1,4,5,5,1,4,1,4,3,2,5,5,4,3,5,5,3,5,1,5,5,4,4,5,4,5,5,5,5,4,2,4,4,2,4,4,4,5,2,4,3,1,322,1926
B,3,M,4,2, Weniger als 5 CHF, Mehr als 20 CHF,iPhone,4,4,2,3,3,4,3,4,2,4,3,1,1,1,1,1,1,1,1,4,1,1,1,1,1,1,1,1,1,1,1,3,1,1,1,1,1,3,2,4,3,3,3,3,4,4,3,3,3,5,1,1,3,4,2,5,2,3,3,3,4,5,2,4,4,4,5,-1,1,1,2,4,5,1,323,1887
B,4,W,2,2, Nichts, Bis 10 CHF,iPhone,5,4,1,5,5,5,5,5,5,5,1,1,1,1,1,1,1,1,1,1,1,1,1,1,1,1,1,1,1,1,1,1,1,1,1,1,1,4,3,5,3,5,5,5,3,1,4,5,4,4,4,1,2,4,4,5,1,4,5,1,1,3,1,3,5,1,5,4,1,1,2,4,5,1,324,2176
B,4,M,1,3, Nichts, Nichts,Android ,5,4,1,1,4,4,4,4,5,5,1,1,1,1,1,1,1,1,1,5,1,1,1,1,1,1,1,1,1,1,1,1,1,1,1,1,1,3,4,5,4,1,5,5,1,1,5,5,1,4,1,1,5,3,2,5,2,1,1,4,4,2,1,4,3,1,5,1,1,1,1,4,5,1,325,1581
B,4,W,1,1, Nichts, Nichts,Android ,4,5,1,5,1,5,1,2,3,5,3,1,1,4,1,1,1,1,1,1,1,3,1,1,1,2,1,1,1,1,1,1,1,1,1,1,1,3,3,4,4,2,4,4,1,3,4,4,4,4,1,1,4,4,4,4,1,1,2,4,3,4,3,3,4,2,4,1,1,1,2,3,4,1,326,1692
