kurs,digitalisiert,geschlecht,q06_1,q06_20,q09_1,q15_1,q15_2,q15_3,q15_4,q15_5,q15_6,q15_7,q15_8,q15_9,q16_1,q16_2,q16_3,q16_4,q16_5,q16_6,q16_7,q16_8,q16_9,q16_10,q16_11,q16_12,q16_13,q16_14,q16_15,q16_16,q16_17,q16_18,q16_19,q16_20,q16_21,q16_22,q16_23,q16_24,q16_25,q16_26,q16_27,q16_28,q16_29,q16_30,q18_1,q18_2,q18_3,q18_4,q18_5,q18_6,q18_7,q18_8,q18_9,q18_10,q18_11,q18_12,q18_13,q18_14,q18_15,q18_16,q18_17,q18_18,q18_19,q18_20,q18_21,q18_22,q18_23,q18_24,q18_25,q18_26,q18_27,q18_28,q18_29,q18_30,q18_31,q18_32,q18_33,q18_34,q18_35,nr
A,6,M,3,4,Android ,5,5,3,5,5,5,5,5,5,5,-1,2,-1,-1,-1,-1,-1,-1,-1,-1,-1,3,-1,3,-1,-1,-1,1,2,2,-1,-1,-1,-1,-1,-1,-1,4,3,3,4,4,5,5,4,4,5,5,3,3,-1,1,5,4,4,5,1,5,4,5,4,4,2,1,4,3,4,4,1,1,2,3,5,1,1
A,6,W,2,4,iPhone,5,5,4,5,5,5,5,5,5,5,1,5,5,1,1,5,1,2,1,5,3,1,1,1,1,3,1,1,1,1,1,4,1,1,1,4,1,4,4,5,5,5,5,5,4,4,5,5,4,4,4,3,3,4,4,5,3,5,5,4,4,3,2,2,5,2,5,5,3,3,5,4,5,4,2
A,5,W,3,5,Android ,5,5,4,5,5,5,5,5,5,5,1,1,1,1,5,-1,1,4,1,3,1,5,2,1,1,1,1,1,1,1,1,2,1,5,1,1,1,3,3,4,4,5,5,5,4,4,5,5,5,5,1,1,4,4,5,5,5,5,5,5,3,5,1,1,5,4,5,5,1,1,3,3,5,4,3
A,5,W,5,5,iPhone,5,5,5,5,5,5,5,5,5,5,-1,-1,5,-1,-1,-1,-1,-1,-1,4,-1,-1,-1,-1,-1,3,-1,-1,3,-1,-1,4,-1,-1,-1,-1,-1,3,1,5,1,-1,5,5,5,5,4,5,4,4,-1,-1,4,5,5,5,4,5,5,5,5,-1,-1,-1,5,3,5,3,-1,-1,4,4,5,4,4
A,4,M,3,3,Android ,5,2,4,5,3,4,2,2,5,2,3,3,2,4,3,4,4,3,4,3,2,3,4,3,2,2,2,3,4,2,2,2,5,2,2,4,4,4,4,4,4,4,3,3,1,1,2,2,3,1,2,2,1,4,2,2,3,2,1,1,1,4,3,1,1,3,2,1,4,1,3,2,2,2,5
A,5,M,4,3,Android ,5,5,-1,5,5,5,-1,5,5,5,-1,-1,-1,-1,-1,-1,-1,-1,-1,5,-1,-1,-1,-1,-1,-1,-1,-1,-1,-1,-1,-1,-1,-1,-1,-1,-1,-1,3,5,5,5,5,5,3,3,3,5,3,5,2,2,2,5,4,5,5,4,4,4,5,4,4,3,4,2,5,5,1,1,1,5,5,1,6
A,5,W,2,6,iPhone,5,2,4,3,3,5,5,2,2,5,3,2,2,1,1,1,1,1,1,1,1,1,1,1,1,3,1,1,1,1,4,1,1,4,1,1,1,4,1,5,4,5,5,5,2,4,5,5,5,5,2,1,5,5,5,5,4,5,5,5,1,1,1,1,3,1,5,5,1,1,5,5,5,1,7
A,6,W,2,2,iPhone,5,5,-1,5,5,5,-1,2,3,5,-1,-1,3,-1,-1,-1,-1,-1,-1,-1,-1,3,-1,4,-1,-1,1,-1,1,4,-1,-1,-1,-1,-1,-1,-1,1,2,4,2,4,5,5,2,2,4,5,3,3,1,2,4,4,4,5,5,5,5,5,3,4,1,1,4,4,5,2,-1,-1,4,4,5,1,8
A,5,M,3,3,Android ,5,5,5,5,5,3,3,5,5,5,5,4,-1,-1,-1,-1,-1,-1,-1,5,-1,-1,-1,-1,-1,-1,-1,-1,-1,-1,-1,-1,-1,-1,-1,-1,-1,2,1,5,4,2,5,5,4,1,3,5,3,4,-1,1,4,5,2,5,1,5,5,5,1,3,-1,-1,5,1,3,1,-1,-1,1,4,5,5,9
A,5,M,3,4,iPhone,5,5,1,5,4,4,3,4,5,5,4,1,1,1,1,2,1,1,1,1,1,3,1,1,1,4,1,1,1,1,1,1,1,2,1,1,1,4,2,5,2,2,5,4,3,3,4,5,4,4,3,2,5,2,3,5,5,5,4,4,3,3,2,2,4,3,5,3,1,1,1,4,5,3,10
A,5,W,4,3,iPhone,4,4,2,2,3,1,2,3,4,4,5,5,-1,-1,-1,3,-1,-1,-1,4,-1,-1,-1,-1,-1,4,-1,-1,-1,-1,-1,-1,-1,-1,-1,-1,-1,3,5,5,3,3,5,5,4,4,5,5,5,4,3,1,5,4,4,5,1,3,5,4,4,4,4,3,4,2,4,3,1,1,4,4,5,4,11
A,5,W,1,3,Android ,5,5,4,5,5,4,3,2,1,5,5,3,1,4,4,1,1,4,1,4,1,1,1,1,1,1,1,1,1,1,1,1,1,1,1,1,1,4,5,5,3,1,5,5,1,3,5,5,1,4,1,1,4,5,3,5,1,1,5,5,4,1,1,4,4,2,4,3,1,1,4,4,5,4,12
A,2,M,1,1,iPhone,5,5,3,2,1,5,5,2,4,5,1,5,5,1,1,1,4,5,5,4,1,4,1,1,1,4,1,1,1,1,1,1,1,1,1,1,1,4,1,5,4,4,5,5,3,2,5,5,5,5,5,1,3,4,2,5,1,2,3,4,1,4,5,5,3,1,4,3,1,1,3,4,5,5,13
A,5,M,2,3,iPhone,5,5,5,5,5,5,5,5,5,5,5,3,1,1,1,1,1,1,1,1,1,1,1,1,1,3,1,1,1,1,5,1,1,4,1,1,1,3,3,5,4,4,5,5,1,3,2,5,1,2,2,1,1,3,3,5,1,5,5,5,1,1,1,1,3,1,3,3,1,1,3,3,5,1,14
A,5,W,3,2,iPhone,4,5,1,5,5,3,1,2,3,5,1,1,1,1,4,1,3,1,1,5,1,4,1,1,1,3,1,1,1,1,1,1,1,1,1,1,1,4,4,5,4,1,5,5,4,4,5,5,5,5,1,3,3,4,4,5,1,4,4,4,4,4,3,2,5,1,3,3,1,1,4,3,5,1,15
A,4,M,3,3,Android ,5,5,5,-1,4,5,1,4,5,4,3,1,1,1,1,1,1,1,1,3,1,3,1,1,1,1,1,1,4,1,1,1,1,1,1,1,1,3,1,5,3,1,5,4,3,2,2,4,1,1,1,4,1,3,4,5,3,4,4,4,2,4,2,1,4,1,4,4,1,1,3,3,4,1,16
A,5,W,2,3,iPhone,5,5,4,5,4,4,5,4,4,5,1,1,4,1,1,1,1,1,1,5,3,1,1,3,1,1,1,1,2,2,1,1,1,1,1,1,1,3,1,2,1,4,5,3,3,4,4,5,3,3,4,1,4,4,3,4,2,4,5,4,4,1,1,1,3,2,4,2,1,1,3,4,5,1,17
A,5,W,4,3,Andere,5,5,4,5,4,5,5,4,3,5,3,5,3,1,1,2,3,1,2,1,1,1,1,2,1,2,1,1,1,2,1,1,4,5,1,1,1,3,4,5,1,1,5,5,1,4,5,5,3,3,3,1,4,3,3,5,4,5,5,5,1,2,1,3,4,1,4,1,1,1,1,1,5,1,18
A,5,M,4,4,iPhone,5,4,5,4,5,5,5,5,5,5,4,1,2,1,1,1,1,2,1,2,2,2,1,1,2,4,1,1,5,1,4,4,1,1,1,1,3,3,4,4,2,5,5,4,4,4,5,5,1,4,1,2,5,2,5,5,4,5,5,4,5,4,1,1,5,3,4,4,1,1,3,4,5,3,19
A,5,W,2,4,iPhone,5,5,1,4,5,5,5,5,5,5,4,1,1,1,5,3,1,1,5,5,1,1,1,1,1,1,1,1,1,1,1,1,1,1,1,1,1,1,4,5,3,2,5,5,4,4,5,5,4,4,3,1,4,4,4,5,1,4,5,5,4,3,2,1,3,1,5,5,1,1,4,3,5,5,20
A,7,W,4,5,Android ,5,5,1,3,5,4,-1,3,4,4,1,1,1,1,1,2,1,5,1,5,2,1,1,2,1,3,1,1,1,3,4,1,4,2,2,1,1,3,2,3,2,4,5,3,3,2,5,5,1,3,1,1,5,3,3,5,2,4,5,3,3,3,1,1,2,3,4,4,1,1,2,3,5,4,21
A,6,W,4,5,iPhone,5,4,2,4,4,5,2,2,5,5,1,1,1,1,1,1,4,1,1,5,1,4,1,1,1,3,1,1,1,1,1,1,1,1,1,1,1,4,4,3,3,3,5,5,4,4,5,5,2,5,1,1,5,5,4,5,2,4,5,5,5,4,4,4,4,2,4,4,1,1,3,4,5,2,22
A,5,W,4,3,iPhone,5,5,2,5,5,3,1,4,3,5,4,1,1,1,1,3,1,1,1,4,1,4,1,1,1,3,1,1,1,1,1,5,1,1,1,1,1,3,4,4,4,4,5,4,4,4,4,5,3,4,1,1,4,4,4,5,2,5,5,5,5,5,1,1,5,2,4,1,1,1,2,3,5,1,23
A,6,W,4,5,iPhone,5,5,1,5,5,5,5,5,4,4,3,3,1,1,1,1,4,1,1,4,1,5,1,1,1,3,1,1,1,2,1,4,1,1,1,1,1,3,1,5,4,5,5,4,4,4,5,5,2,3,4,1,3,3,3,5,2,1,5,4,5,4,4,1,4,1,4,4,1,1,3,4,5,1,24
A,5,M,2,6,Android ,5,4,2,4,4,4,4,4,3,5,3,3,3,3,3,1,4,1,1,5,2,2,1,3,1,5,1,1,3,3,5,1,1,1,1,1,1,4,3,5,4,4,5,4,4,5,5,5,4,4,5,2,3,4,5,5,4,5,5,5,5,2,4,1,5,2,5,3,2,1,4,4,5,1,25
A,4,W,1,4,Android ,5,4,5,4,5,4,4,4,5,5,1,1,4,1,1,1,1,1,1,4,4,1,1,1,1,1,1,1,1,2,1,3,1,1,1,1,1,3,3,5,3,4,5,4,4,4,5,5,1,4,3,1,3,4,4,5,1,4,4,4,5,1,1,1,5,4,5,2,1,1,2,4,5,2,26
A,4,W,1,4,iPhone,5,5,4,5,5,5,5,5,5,4,1,1,1,1,1,1,1,1,1,1,1,1,1,1,1,3,1,1,1,1,1,1,1,2,1,1,1,3,1,5,3,1,1,5,1,3,3,5,3,3,1,1,1,3,3,5,1,5,5,5,2,1,2,1,2,1,1,5,1,1,4,4,4,1,27
A,7,W,4,5,iPhone,5,5,2,5,5,3,3,1,3,5,4,5,1,1,5,1,1,3,1,5,1,3,1,1,1,1,5,1,1,1,2,1,1,3,1,1,1,2,1,5,4,5,5,3,3,3,3,5,5,2,2,1,2,3,3,5,1,5,5,5,3,3,1,1,4,2,4,4,1,1,4,5,5,3,28
A,5,M,1,1,Android ,5,5,3,4,4,5,4,4,4,5,4,1,1,1,1,1,1,1,1,5,1,1,1,1,1,1,1,1,1,1,1,1,1,1,1,1,1,3,2,4,2,4,5,4,1,2,4,5,2,3,1,1,4,3,3,5,1,4,1,5,1,1,1,1,4,1,4,3,1,1,2,4,5,1,29
A,3,W,4,3,iPhone,5,5,5,5,5,5,5,5,5,5,1,1,1,1,1,1,1,1,1,1,1,4,1,1,1,1,1,1,1,1,1,1,1,1,1,1,1,2,5,3,2,4,5,5,1,1,5,5,5,5,5,1,1,5,4,5,1,1,5,3,5,2,1,2,4,1,5,5,1,1,3,4,5,1,30
A,5,M,4,4,Android ,1,1,1,1,1,1,1,1,1,2,2,2,-1,-1,-1,3,-1,4,-1,3,-1,-1,-1,-1,-1,4,-1,-1,-1,-1,-1,-1,-1,3,-1,-1,-1,3,-1,2,5,-1,2,2,-1,-1,3,4,2,2,4,-1,-1,-1,4,2,-1,5,5,3,3,5,5,-1,2,4,2,2,-1,-1,4,2,-1,4,31
A,4,W,2,3,Android ,5,5,1,5,5,5,5,4,4,5,5,5,2,1,1,1,1,1,1,1,1,1,1,1,1,4,1,1,1,2,1,1,1,1,1,1,1,2,1,4,2,3,5,4,1,1,4,5,3,3,3,1,2,3,3,4,2,3,5,4,4,2,1,1,2,1,4,2,1,1,2,3,4,2,32
A,5,W,3,4,Android ,5,5,1,5,4,3,3,3,2,5,1,5,2,1,1,1,3,1,1,5,1,3,5,4,1,1,1,1,1,4,1,1,1,1,1,1,1,3,2,5,3,2,4,3,2,3,5,5,3,3,3,1,4,4,4,4,3,2,4,5,4,3,5,1,3,1,5,1,1,1,3,4,2,2,33
A,4,W,1,3,iPhone,5,4,1,4,5,5,5,5,5,5,1,4,1,1,1,1,1,1,1,4,1,4,1,1,1,3,1,1,1,1,1,1,1,4,1,1,1,1,4,5,3,4,5,5,4,4,4,5,2,3,1,1,1,5,4,5,3,5,4,4,4,4,1,3,2,4,5,3,1,1,1,3,4,1,34
A,6,M,5,5,iPhone,5,5,5,5,5,5,5,5,5,5,2,3,1,1,5,1,1,1,1,5,4,4,1,1,1,4,1,1,4,1,1,1,1,1,1,1,1,2,2,5,5,2,5,2,1,1,2,5,2,2,1,1,4,3,3,4,4,5,5,5,5,4,1,1,1,1,5,5,1,1,2,4,5,1,35
A,5,W,2,2,iPhone,5,4,1,3,4,5,-1,2,5,5,5,1,1,1,1,2,1,4,1,1,1,3,1,2,1,1,1,1,1,2,1,1,1,2,1,1,1,4,1,4,2,4,5,4,1,1,4,5,5,2,1,1,4,1,4,5,2,5,5,4,2,2,1,1,4,2,4,4,1,1,2,1,4,4,36
A,5,W,4,4,iPhone,5,5,4,5,5,5,5,5,5,4,4,4,1,1,1,1,1,1,1,5,1,1,1,1,1,1,1,1,1,1,1,1,1,2,1,1,1,2,3,5,3,4,5,5,5,5,2,5,4,4,4,1,4,4,5,5,1,3,5,5,5,4,1,1,5,1,5,3,1,1,3,4,5,1,37
A,5,M,2,4,Android ,5,2,4,2,5,5,5,4,4,4,4,-1,-1,3,-1,2,-1,-1,-1,5,-1,-1,-1,3,-1,-1,-1,-1,3,2,3,2,-1,3,-1,-1,-1,3,3,4,3,3,5,4,2,3,4,4,4,3,-1,-1,-1,3,3,4,4,5,5,4,4,3,-1,-1,4,2,3,2,-1,-1,3,4,5,-1,38
A,5,M,3,4,Android ,5,5,3,5,5,5,5,5,3,5,3,5,1,2,1,1,1,1,1,5,1,1,1,3,1,4,1,1,3,3,4,1,2,3,1,1,1,3,1,4,4,2,5,5,3,4,4,5,3,4,4,1,4,3,4,5,2,4,3,5,4,4,1,1,4,1,5,5,1,1,3,4,5,1,39
A,4,M,2,4,iPhone,5,5,5,5,5,5,5,5,5,5,1,1,1,1,1,1,1,1,4,5,1,1,1,1,3,1,1,1,1,1,1,1,1,1,1,1,1,3,1,4,3,1,5,5,3,1,1,5,1,3,1,1,3,3,3,4,4,4,5,4,1,1,1,1,5,1,4,4,1,1,4,1,1,1,40
A,5,W,3,4,Android ,-1,4,4,-1,-1,5,-1,5,4,5,5,4,1,1,1,4,1,5,1,1,1,1,1,1,1,5,1,1,1,1,1,5,1,1,1,1,1,4,4,5,2,3,5,4,3,3,5,5,4,3,2,1,4,4,3,4,1,5,5,2,4,2,3,2,4,3,4,4,2,1,3,4,5,3,41
A,6,M,4,3,iPhone,5,5,4,5,5,5,5,5,5,5,1,1,5,1,1,1,1,1,1,5,1,3,1,1,1,1,1,1,1,3,1,4,1,1,1,1,1,3,3,5,4,3,5,5,3,3,4,5,4,4,4,4,5,4,4,5,3,4,5,4,4,4,3,2,3,1,4,3,1,1,3,4,5,4,42
A,7,M,2,1,iPhone,5,4,-1,4,4,2,3,4,2,5,5,1,1,1,1,1,1,1,1,1,1,1,1,1,1,1,1,1,1,1,1,1,1,1,1,1,1,4,1,4,1,3,5,4,1,4,3,5,1,3,1,1,3,5,4,5,2,5,5,5,2,1,1,1,1,1,4,4,1,1,1,3,1,1,43
A,6,W,4,4,iPhone,5,5,4,5,5,5,5,5,5,4,1,1,1,1,1,3,1,1,1,1,1,3,1,1,1,1,1,1,1,1,1,1,1,1,1,1,1,1,1,4,3,4,5,5,3,2,4,5,4,4,2,2,1,4,3,5,3,5,5,4,5,1,1,1,5,4,5,2,1,1,4,4,-1,1,44
A,5,M,4,4,iPhone,4,5,1,3,3,2,3,4,3,4,1,2,4,4,1,3,1,2,2,5,3,1,1,1,1,2,1,1,1,1,2,2,1,1,1,1,1,3,2,4,3,5,5,4,4,4,4,5,3,3,3,1,2,3,3,5,3,3,5,5,5,3,2,1,5,2,5,-1,-1,-1,3,3,5,4,45
A,5,M,2,3,iPhone,5,5,5,5,5,5,5,5,5,5,1,1,3,1,1,3,1,2,1,5,4,4,1,3,1,3,1,1,3,1,1,1,1,1,1,1,2,3,1,5,5,2,5,5,2,4,5,5,5,4,1,1,4,4,4,5,5,5,5,5,5,1,1,1,4,1,3,3,1,1,5,4,5,5,46
A,4,M,3,3,iPhone,5,5,1,5,5,5,5,5,5,5,1,1,1,1,1,1,1,1,4,4,1,1,1,1,1,1,1,1,3,1,1,3,1,1,1,1,1,1,1,5,4,4,5,4,4,4,4,5,1,3,1,1,3,1,4,5,1,5,5,5,5,4,1,1,4,1,1,4,1,1,4,4,5,4,47
A,4,W,3,5,iPhone,5,4,1,4,5,4,3,4,3,4,1,1,1,1,1,1,1,1,1,5,1,4,1,1,1,1,1,1,5,1,1,1,1,1,1,1,1,4,1,4,4,1,5,3,1,4,2,5,1,3,1,1,1,4,4,4,5,3,4,5,5,2,1,1,3,1,3,2,1,1,3,4,5,1,48
A,5,M,5,3,Android ,5,5,5,5,5,5,4,4,4,5,3,4,2,1,1,1,1,4,5,4,4,4,1,1,1,1,2,2,4,1,3,1,2,5,1,3,1,3,1,5,3,3,5,4,2,2,4,5,5,4,4,1,5,3,3,5,4,4,4,4,4,4,1,2,4,1,4,4,4,4,4,4,5,3,49
A,4,M,4,4,Android ,5,5,1,4,5,5,4,4,3,5,1,1,1,1,5,2,1,1,1,4,4,1,1,3,1,3,2,3,4,4,1,1,1,1,1,1,1,4,3,4,4,3,5,5,4,4,4,4,3,4,4,1,4,4,4,4,4,5,4,4,3,3,1,2,4,3,4,2,2,1,2,4,5,1,50
A,7,M,2,6,Android ,5,5,2,5,5,2,3,5,5,5,5,5,1,1,1,1,3,1,1,5,1,1,1,1,1,3,1,1,1,1,1,1,1,5,1,5,-1,5,3,5,4,1,5,5,4,5,5,5,5,5,5,1,5,5,5,5,1,5,5,5,5,4,4,1,1,3,5,5,1,5,3,5,5,1,51
A,5,M,2,4,Android ,5,5,2,5,5,5,4,4,4,5,1,4,1,5,4,1,2,1,1,4,4,1,1,1,1,1,1,1,1,1,5,1,1,1,1,1,1,4,3,5,2,2,5,4,2,2,4,5,4,3,2,1,5,4,3,5,1,1,1,5,5,4,3,3,4,1,5,5,1,1,3,3,4,3,52
A,6,M,4,4,Android ,3,5,2,5,3,3,4,3,4,4,-1,-1,-1,3,4,-1,-1,2,-1,-1,-1,4,-1,-1,-1,-1,-1,-1,4,-1,4,-1,-1,-1,-1,-1,-1,-1,1,4,2,4,5,3,2,4,3,5,3,3,3,2,3,3,4,5,2,4,4,5,4,1,1,1,4,4,5,2,2,-1,2,3,5,1,53
A,5,W,2,5,Android ,5,5,4,5,5,5,5,5,4,4,1,4,1,1,1,1,1,1,1,3,4,1,1,2,1,3,1,1,3,2,5,1,1,4,1,1,1,1,2,3,1,2,5,4,2,2,5,5,5,4,4,1,3,4,3,4,3,2,4,4,5,4,1,1,4,1,4,2,1,1,3,3,4,1,54
A,4,W,2,3,Android ,-1,5,2,1,5,3,2,2,2,-1,1,1,1,1,1,2,1,1,1,1,1,1,1,1,1,2,1,1,1,1,1,1,1,2,1,1,1,4,2,-1,4,5,-1,-1,3,4,-1,4,3,4,2,1,3,5,5,-1,2,3,-1,-1,1,3,1,3,-1,2,-1,-1,2,2,3,4,-1,1,55
A,4,W,5,4,iPhone,5,5,5,5,5,5,5,5,5,5,4,4,3,1,1,3,1,1,1,1,1,5,1,1,1,1,1,1,1,1,1,3,5,5,1,1,1,4,1,5,3,4,5,5,3,3,5,5,5,5,5,2,4,3,3,5,1,5,5,3,5,5,1,1,5,2,5,3,1,1,4,4,4,1,56
A,6,M,3,2,iPhone,5,5,3,5,5,5,5,5,5,5,1,1,1,1,1,1,1,5,1,4,1,1,1,1,1,1,1,1,2,1,4,1,1,2,1,1,1,2,2,3,4,2,5,5,4,4,4,1,4,5,1,1,4,4,3,2,2,4,4,3,4,4,2,4,5,4,5,5,2,3,4,3,4,4,57
A,5,M,2,4,Android ,5,5,2,-1,5,5,-1,3,3,4,5,1,1,5,1,2,1,1,1,1,1,1,2,1,2,1,2,1,3,1,1,1,1,5,1,1,1,3,1,2,2,1,4,3,2,3,5,5,2,2,2,1,1,2,2,3,1,3,3,4,1,1,1,1,3,2,4,4,2,1,1,1,3,1,58
A,6,W,4,4,iPhone,5,5,2,5,5,5,5,5,5,4,4,1,4,1,1,3,1,2,1,5,1,4,3,1,1,1,1,1,1,1,1,1,1,1,1,1,1,4,5,5,3,4,5,5,2,2,5,5,5,3,-1,1,4,4,4,4,3,5,5,5,5,2,1,1,4,1,4,3,-1,-1,2,3,5,2,59
A,4,W,2,2,iPhone,5,4,4,4,5,4,5,5,4,5,2,2,5,1,1,2,2,1,5,4,1,1,1,1,1,3,1,1,1,1,1,2,1,4,1,1,1,3,1,4,4,1,5,4,1,1,5,4,4,4,1,1,4,4,4,5,1,5,4,4,1,2,1,1,1,1,4,4,1,1,1,4,3,4,60
A,6,W,2,5,iPhone,5,5,4,5,5,5,5,5,5,4,1,4,5,1,1,1,3,1,1,1,1,5,1,1,1,3,1,1,1,1,1,3,1,1,1,1,4,4,3,5,4,2,5,5,1,1,5,5,2,4,1,1,5,2,2,5,1,5,5,5,5,4,4,4,5,1,5,5,1,1,3,3,5,1,61
A,6,M,5,3,iPhone,5,5,4,-1,5,5,5,4,5,5,3,1,1,1,1,2,1,1,1,5,1,3,1,4,1,2,4,1,4,3,1,1,1,1,1,1,1,4,1,4,1,4,5,5,4,4,4,5,4,3,3,1,5,4,3,5,4,5,5,4,4,2,1,2,4,2,4,3,1,1,3,3,5,4,62
A,6,M,2,5,Android ,5,5,4,5,5,5,5,5,5,5,5,-1,-1,5,-1,-1,3,-1,5,5,-1,4,-1,-1,2,-1,-1,-1,2,-1,-1,3,-1,-1,-1,-1,-1,4,2,4,4,1,5,4,3,1,4,4,4,4,4,1,5,3,3,4,4,5,5,5,5,4,3,3,4,2,4,4,1,1,2,3,5,4,63
A,5,M,2,3,Android ,5,5,2,5,3,2,2,2,5,4,1,1,1,3,1,1,1,1,1,1,1,1,3,1,1,3,1,1,1,1,1,1,1,2,1,1,1,4,2,2,1,1,5,4,2,3,4,3,4,4,3,1,3,2,3,5,1,3,5,2,4,2,1,1,3,1,3,4,1,1,1,2,3,1,64
A,3,M,1,3,Mobiltelefon,NA,NA,NA,NA,NA,NA,NA,NA,NA,5,4,1,5,-1,-1,2,2,-1,-1,-1,-1,-1,1,4,-1,2,2,-1,4,4,2,2,-1,2,1,-1,-1,3,2,NA,NA,NA,NA,NA,NA,NA,NA,NA,NA,NA,NA,NA,NA,NA,NA,NA,NA,NA,NA,NA,NA,NA,NA,NA,NA,NA,NA,NA,NA,NA,NA,NA,NA,NA,65
A,5,W,2,4,iPhone,5,5,5,5,5,5,5,5,4,4,2,-1,-1,-1,-1,-1,-1,-1,2,4,-1,4,-1,-1,3,-1,-1,-1,4,2,4,4,-1,5,-1,-1,-1,-1,-1,5,3,4,5,5,-1,-1,5,5,4,4,-1,5,4,-1,3,4,3,5,5,5,5,3,-1,-1,4,1,4,4,-1,-1,3,4,5,4,66
A,4,W,4,4,iPhone,5,5,-1,5,5,5,-1,5,5,5,4,-1,-1,-1,5,3,-1,-1,-1,-1,-1,-1,-1,-1,-1,-1,-1,-1,-1,-1,-1,-1,-1,5,-1,-1,-1,-1,-1,5,3,1,5,5,4,4,5,5,5,3,5,3,5,4,5,5,5,4,5,5,3,-1,-1,3,-1,5,2,1,-1,5,5,5,5,-1,67
A,6,M,5,3,Android ,5,5,2,5,4,3,-1,5,4,4,-1,-1,-1,2,-1,-1,-1,-1,-1,5,-1,-1,-1,-1,-1,-1,-1,-1,-1,-1,-1,-1,-1,-1,-1,-1,-1,-1,1,5,2,4,5,5,3,2,3,5,1,4,1,3,3,2,2,5,5,5,5,5,2,3,1,2,4,1,4,3,1,1,1,4,4,3,68
A,7,W,5,4,iPhone,-1,-1,1,-1,-1,-1,-1,-1,-1,4,5,4,2,-1,-1,-1,-1,-1,-1,-1,-1,2,-1,-1,-1,-1,-1,-1,-1,-1,4,-1,-1,3,-1,-1,-1,2,4,5,4,4,5,4,2,2,4,5,3,4,2,1,3,3,3,4,2,5,5,3,4,3,2,1,4,2,4,4,1,1,3,3,5,1,69
A,6,W,2,3,iPhone,5,4,2,3,4,5,5,5,4,5,4,4,1,1,1,1,2,5,1,1,1,3,1,1,1,2,4,1,1,1,1,2,1,1,1,1,1,1,4,4,3,4,5,5,2,2,4,5,4,4,4,1,3,3,3,4,2,5,5,4,4,3,3,1,4,4,4,4,1,1,3,1,5,4,70
A,6,W,4,5,iPhone,5,5,5,5,5,4,5,5,5,5,4,4,2,1,5,1,1,1,1,5,1,1,2,1,1,1,4,1,1,3,1,4,1,4,1,1,1,4,4,5,4,4,5,5,3,4,4,5,3,3,3,1,5,3,3,5,2,5,5,5,5,4,2,1,5,3,5,4,1,2,3,4,5,1,71
A,5,W,3,4,Android ,5,4,4,3,5,4,5,5,4,2,5,2,-1,-1,-1,2,-1,-1,-1,-1,-1,-1,-1,-1,-1,2,-1,-1,-1,-1,-1,-1,-1,-1,-1,-1,-1,4,-1,4,2,3,5,5,2,1,5,1,3,4,4,3,1,4,2,5,3,3,5,5,1,1,1,1,5,2,4,2,1,1,2,1,5,1,72
A,6,W,4,5,Android ,5,2,2,2,5,5,5,5,5,5,5,1,2,1,1,2,1,1,1,5,1,3,1,1,1,1,1,1,1,1,5,1,1,1,1,1,1,1,5,5,4,4,5,5,1,1,5,5,1,5,1,1,4,4,4,5,1,5,5,4,5,4,1,1,4,1,3,3,1,1,3,3,5,1,73
A,6,M,4,4,iPhone,5,5,5,5,5,5,5,5,5,4,1,4,3,1,1,1,1,1,5,5,5,3,1,1,1,1,1,1,5,1,1,2,-1,1,5,5,-1,3,2,5,4,4,5,5,3,3,5,5,4,4,3,5,5,4,3,5,4,5,5,5,5,4,1,1,4,1,4,1,1,5,4,4,5,3,74
A,3,M,1,3,iPhone,5,5,1,5,5,5,5,5,5,4,-1,-1,4,-1,-1,-1,-1,-1,-1,-1,-1,-1,-1,-1,-1,-1,-1,-1,-1,-1,-1,-1,-1,-1,-1,-1,-1,-1,-1,5,4,-1,5,5,4,-1,5,5,4,4,4,-1,5,4,4,5,-1,5,5,5,4,-1,-1,-1,4,-1,5,4,-1,-1,-1,4,5,-1,75
A,6,W,4,5,iPhone,5,5,5,5,5,5,-1,5,5,5,1,1,1,1,1,1,1,1,1,5,3,1,1,1,1,1,1,1,1,1,1,4,1,4,1,1,1,3,2,5,2,1,5,4,4,4,5,5,4,4,4,1,5,4,4,5,1,3,5,5,5,2,1,1,5,1,5,5,1,1,4,4,5,1,76
A,5,M,1,3,iPhone,5,5,1,5,4,5,4,5,2,4,4,1,1,1,1,1,1,1,1,1,1,1,1,1,1,1,1,1,2,1,1,1,1,1,1,1,1,1,1,4,1,4,5,5,1,3,1,5,1,1,1,1,1,1,2,3,1,1,5,5,2,1,1,1,2,1,5,1,1,1,1,3,1,1,77
A,4,W,1,4,Android ,5,4,3,5,5,5,4,5,4,5,1,4,1,1,1,2,1,1,1,1,1,1,1,2,1,3,1,1,1,1,1,1,1,1,1,1,1,2,1,4,4,2,5,4,3,4,5,5,4,3,1,1,2,3,1,3,3,1,5,4,4,4,2,1,4,2,4,4,3,1,2,3,4,1,78
A,4,M,2,3,Android ,3,3,1,3,1,2,2,2,2,5,1,1,1,1,1,1,1,5,1,4,1,4,1,1,1,1,1,1,4,1,4,1,1,1,1,1,1,1,4,5,1,1,5,4,1,4,5,5,4,4,1,1,1,3,2,4,1,3,5,4,4,1,1,1,4,2,3,3,1,1,2,3,5,1,79
A,5,M,4,4,iPhone,5,5,5,5,5,5,5,5,5,5,-1,5,5,-1,-1,-1,-1,-1,5,4,5,-1,4,1,1,4,4,1,1,1,1,3,1,4,1,1,5,1,5,5,4,4,5,5,4,4,5,5,4,4,4,3,4,4,3,5,1,4,1,2,2,5,4,4,5,3,4,4,1,1,2,3,3,4,80
A,5,W,4,3,Android ,5,4,4,2,4,4,5,3,4,5,2,5,-1,2,-1,-1,2,-1,-1,5,5,-1,-1,-1,-1,2,4,-1,-1,-1,-1,-1,-1,2,-1,-1,-1,3,4,5,3,2,5,4,2,2,5,-1,4,3,3,-1,4,4,4,5,1,2,5,2,3,5,-1,5,5,1,4,4,-1,-1,2,3,5,-1,81
A,4,M,3,4,iPhone,5,5,5,4,3,2,2,4,5,4,4,3,5,-1,-1,-1,-1,3,-1,5,-1,3,1,2,-1,4,-1,-1,1,1,-1,-1,-1,2,-1,3,-1,4,-1,5,2,1,5,4,2,1,5,5,-1,4,2,-1,5,3,5,5,3,2,2,4,5,1,2,-1,2,3,5,4,3,2,2,4,5,3,82
A,6,M,4,5,Android ,5,5,4,5,3,5,4,5,4,5,-1,4,-1,4,5,4,-1,-1,-1,3,-1,5,-1,-1,-1,4,-1,-1,-1,-1,-1,-1,-1,-1,-1,4,-1,3,1,4,4,1,5,5,-1,4,3,5,4,3,2,4,5,4,3,5,3,4,4,3,1,2,1,1,4,1,5,5,3,1,3,4,5,1,83
A,4,M,2,3,iPhone,4,5,1,5,5,3,3,2,2,5,2,-1,-1,-1,-1,-1,-1,-1,-1,5,-1,-1,-1,2,-1,-1,-1,-1,2,-1,-1,-1,-1,-1,5,-1,-1,2,2,4,4,5,5,4,1,1,3,5,2,3,-1,-1,-1,3,-1,5,-1,5,5,4,5,4,-1,-1,-1,-1,5,5,-1,-1,2,3,5,1,84
A,6,W,1,2,Android ,5,5,5,5,5,5,5,5,5,5,1,1,1,1,1,2,1,5,5,3,3,1,1,1,1,1,1,1,1,1,2,1,1,1,1,1,1,3,4,5,3,3,5,5,2,3,4,5,5,4,4,1,4,3,3,5,1,4,4,5,3,2,1,2,5,3,4,4,1,1,3,3,4,4,85
A,4,W,2,5,iPhone,5,4,2,3,5,2,3,1,2,5,1,5,1,1,1,1,1,1,1,5,4,1,1,1,1,1,3,1,1,1,4,1,1,1,1,1,1,1,5,5,3,5,5,5,3,4,5,5,5,4,1,1,1,1,4,5,3,5,5,5,4,4,1,3,5,1,5,5,1,1,4,4,5,3,86
A,5,W,3,4,Android ,5,-1,4,-1,5,5,-1,-1,4,4,1,3,1,1,5,1,2,5,1,2,1,1,1,1,1,1,1,1,1,2,2,1,1,1,1,1,1,2,1,5,2,2,5,4,3,4,5,1,2,4,1,1,5,3,4,5,4,1,5,4,5,5,1,1,4,2,3,2,1,1,2,3,4,1,87
A,4,W,1,3,iPhone,5,5,5,5,5,5,5,5,5,5,1,1,1,1,1,1,1,1,1,5,4,4,1,1,1,1,1,1,1,1,1,4,1,1,1,1,1,4,1,5,4,5,5,4,4,3,5,5,1,5,1,1,5,4,4,5,1,5,4,4,1,1,1,1,5,3,5,1,1,1,3,3,5,3,88
A,5,W,3,3,iPhone,5,4,1,4,4,4,5,4,4,4,5,-1,-1,-1,-1,3,-1,3,-1,4,-1,-1,5,-1,-1,-1,-1,-1,-1,-1,-1,-1,-1,4,-1,-1,-1,3,5,5,2,2,5,4,3,2,3,5,4,3,4,-1,4,4,4,5,2,4,5,4,-1,2,-1,-1,4,-1,4,2,-1,-1,2,3,4,2,89
A,5,W,2,4,Android ,5,5,-1,5,5,5,5,5,5,3,1,-1,1,1,1,1,1,1,1,5,1,5,1,1,1,2,1,1,1,1,5,1,1,1,1,1,1,3,1,4,2,4,5,3,1,1,4,5,5,5,5,1,1,2,3,4,1,4,4,5,5,3,1,1,1,3,5,5,1,1,4,4,5,2,90
A,5,W,2,4,iPhone,5,5,1,5,5,4,5,5,5,4,2,-1,-1,-1,5,2,-1,4,-1,5,-1,4,-1,-1,-1,-1,-1,-1,-1,-1,-1,-1,-1,-1,-1,-1,-1,3,5,5,2,4,5,4,-1,3,5,5,5,4,2,-1,-1,4,4,5,2,5,5,5,4,-1,2,-1,5,-1,5,1,-1,-1,3,4,5,4,91
A,5,W,2,1,iPhone,5,5,5,5,5,5,5,5,5,5,2,-1,1,1,1,1,1,1,1,5,3,2,1,1,1,3,1,1,1,1,1,4,1,1,1,1,1,4,2,5,5,5,5,5,4,4,5,5,5,5,2,1,4,4,5,4,1,5,5,4,5,4,4,1,4,4,5,5,1,1,3,3,5,3,92
A,5,M,4,5,iPhone,5,3,5,3,5,5,5,5,5,5,5,5,5,1,1,1,1,5,5,5,5,5,1,1,1,3,1,3,1,1,3,1,1,1,1,5,1,1,1,4,1,5,5,4,1,3,4,5,1,1,1,1,5,2,2,5,4,5,5,5,5,3,1,1,4,1,3,1,1,5,5,4,5,5,93
A,5,W,3,2,iPhone,5,5,1,5,5,5,5,1,1,5,1,1,5,1,1,1,1,5,1,5,1,1,1,1,1,1,1,1,1,1,1,1,1,1,1,1,1,1,1,5,4,1,5,3,1,1,5,5,1,1,1,1,1,1,4,5,1,1,5,4,3,3,1,5,5,1,5,1,1,1,3,3,5,5,94
A,6,M,5,4,Android ,2,5,3,-1,4,2,2,1,4,4,5,5,-1,-1,-1,-1,-1,-1,-1,5,-1,-1,-1,3,-1,-1,-1,-1,-1,-1,-1,-1,-1,-1,-1,-1,-1,-1,-1,5,4,5,5,4,4,-1,-1,5,-1,5,-1,3,-1,-1,5,-1,4,2,5,5,3,-1,-1,-1,5,-1,4,-1,-1,-1,2,-1,5,-1,95
A,6,W,4,5,iPhone,4,5,2,5,4,2,3,3,2,5,1,1,2,1,1,1,4,2,-1,-1,-1,-1,-1,-1,-1,4,3,-1,-1,-1,-1,-1,-1,-1,3,5,-1,2,2,5,4,4,5,3,2,4,5,5,2,4,4,3,4,2,3,4,1,1,3,4,5,4,3,3,4,1,3,4,1,4,5,5,5,2,96
A,3,W,2,3,iPhone,5,4,-1,4,5,5,-1,2,5,4,-1,2,-1,-1,-1,-1,2,-1,-1,5,-1,-1,-1,3,-1,-1,-1,-1,-1,-1,1,-1,-1,-1,-1,-1,-1,2,2,5,1,1,5,4,1,2,5,5,5,3,1,1,1,2,3,5,1,1,3,5,2,1,2,1,3,1,5,5,-1,-1,2,3,5,1,97
A,5,M,3,5,iPhone,5,5,1,5,5,5,3,5,4,5,-1,-1,-1,-1,-1,-1,-1,-1,-1,-1,-1,-1,-1,-1,-1,4,-1,-1,-1,-1,-1,-1,-1,4,-1,-1,-1,4,2,4,3,2,5,5,4,4,5,5,5,5,3,2,5,5,5,5,2,5,5,5,5,2,3,2,5,-1,5,5,2,1,1,5,5,4,98
A,6,W,2,3,iPhone,5,5,5,5,5,5,5,5,5,3,1,1,3,1,5,1,3,1,1,1,1,1,1,1,1,5,1,1,1,1,1,1,1,1,1,1,1,5,1,3,1,1,5,4,1,5,1,5,5,5,1,1,1,1,4,5,1,5,5,3,5,2,3,3,4,1,5,1,1,1,4,4,5,5,99
A,4,M,3,2,Android ,1,1,5,1,2,1,1,1,3,5,1,1,1,1,1,1,1,1,1,1,1,1,1,1,1,1,1,1,4,1,1,1,1,1,1,1,1,4,4,4,4,4,4,4,1,4,5,5,5,5,5,1,5,3,3,5,1,5,5,5,4,3,1,1,4,1,3,3,1,1,1,4,5,5,100
A,6,M,1,2,Android ,4,3,1,3,4,2,2,2,2,5,1,1,1,1,1,1,1,1,1,3,1,2,1,2,1,1,1,1,4,3,1,1,1,1,1,1,1,4,3,5,2,2,5,5,2,3,3,5,1,2,1,3,4,4,5,5,2,5,4,5,2,1,1,1,4,1,5,2,1,1,5,4,5,1,101
A,6,M,6,5,iPhone,5,5,4,2,5,5,5,4,4,5,-1,3,5,-1,-1,-1,2,1,4,5,-1,3,1,3,-1,-1,-1,2,4,-1,-1,4,-1,-1,-1,5,-1,3,1,4,4,2,5,5,3,4,5,5,5,3,1,1,2,3,4,5,4,4,5,5,5,4,3,1,4,2,4,4,1,1,3,4,5,4,102
A,4,M,1,4,Android ,5,5,1,5,5,5,5,5,5,5,3,1,1,1,2,3,1,1,1,1,1,1,1,1,1,2,1,4,1,1,4,1,1,1,1,1,1,2,1,4,3,1,5,5,1,2,4,5,3,4,3,1,5,3,3,4,1,2,2,4,4,1,1,1,3,1,3,3,1,1,2,3,5,1,103
A,5,W,1,4,Android ,5,5,-1,5,5,5,5,4,5,5,1,1,1,1,1,1,4,1,1,1,1,1,1,1,1,1,1,1,1,1,1,1,1,2,1,1,1,4,2,1,1,2,5,3,2,3,3,3,3,3,2,1,3,3,2,5,2,4,5,4,2,4,2,2,3,1,5,5,1,1,3,4,5,5,104
A,5,M,3,3,Android ,5,4,2,4,4,4,5,5,4,5,-1,4,-1,1,5,-1,4,-1,3,4,-1,4,-1,-1,1,-1,-1,-1,3,-1,-1,-1,-1,-1,-1,-1,-1,4,3,5,3,2,5,5,3,4,4,5,4,4,4,-1,5,4,3,5,3,2,3,4,4,2,4,1,4,3,4,3,-1,-1,3,1,4,1,105
A,6,W,4,4,iPhone,5,5,2,5,5,4,4,5,2,5,1,1,1,1,5,1,1,1,1,4,4,1,1,1,1,1,1,1,1,1,1,1,1,1,5,1,1,3,2,4,3,5,5,5,1,1,4,5,1,3,1,1,5,4,4,5,1,1,5,5,5,1,1,1,4,1,4,4,1,1,4,4,5,4,106
A,5,M,1,4,Android ,5,-1,4,-1,5,5,-1,5,5,4,5,5,-1,-1,-1,-1,4,-1,-1,4,-1,-1,-1,-1,-1,-1,-1,-1,-1,-1,3,-1,-1,-1,-1,-1,-1,3,-1,4,-1,-1,5,4,-1,-1,5,-1,-1,-1,-1,-1,5,5,5,5,4,-1,-1,5,4,4,5,-1,-1,-1,3,-1,-1,-1,-1,-1,-1,-1,107
A,5,M,1,6,Android ,5,2,3,4,2,4,4,4,4,5,4,4,1,1,1,4,1,1,5,4,1,1,1,1,1,1,1,1,1,1,1,1,1,1,1,1,1,4,1,3,3,5,5,4,4,4,2,5,2,4,5,1,1,1,3,5,2,2,5,2,1,1,1,1,4,4,5,3,1,1,1,4,1,1,108
A,6,W,5,4,iPhone,5,5,5,5,5,5,5,5,5,4,-1,-1,-1,-1,5,-1,-1,5,-1,5,5,5,-1,-1,-1,4,-1,-1,-1,-1,-1,5,-1,5,-1,-1,-1,-1,3,5,4,5,5,4,3,3,4,5,4,4,4,5,3,3,3,5,4,5,5,5,5,4,-1,-1,5,1,5,5,-1,-1,4,5,5,-1,109
A,3,M,2,2,iPhone,-1,-1,3,-1,3,-1,-1,3,4,5,4,1,1,1,1,1,1,1,1,1,5,1,1,1,1,2,5,2,5,1,4,1,1,1,1,1,1,3,4,5,5,4,5,5,2,3,5,5,4,3,3,1,5,4,4,5,5,5,5,5,5,2,2,2,4,2,5,4,1,1,1,4,5,1,110
A,5,M,1,6,iPhone,5,5,2,4,4,5,5,5,4,5,2,1,1,1,1,3,1,1,1,4,1,4,1,1,1,1,1,1,1,1,1,1,1,1,1,1,1,3,3,5,4,2,5,4,1,1,4,4,4,4,1,1,4,4,4,4,1,3,5,4,4,4,2,1,3,2,4,2,1,1,3,3,5,4,111
A,5,W,4,4,iPhone,1,1,3,1,2,1,3,2,1,5,-1,-1,-1,-1,-1,-1,-1,5,-1,4,4,-1,-1,-1,-1,-1,-1,-1,-1,-1,-1,-1,-1,-1,-1,-1,-1,3,1,4,2,2,4,4,1,1,3,5,4,4,1,1,4,4,4,5,1,5,5,5,5,2,1,1,4,1,5,5,1,1,4,5,5,5,112
A,5,M,3,3,Android ,5,4,2,3,4,5,5,5,4,4,3,1,1,1,1,1,1,1,1,5,3,1,1,1,1,1,1,1,1,1,1,1,1,1,1,1,1,3,2,5,2,2,5,5,4,4,4,5,4,4,4,1,5,4,4,5,4,3,3,5,4,3,1,4,3,3,4,1,1,1,3,4,5,3,113
A,5,W,4,4,iPhone,5,5,3,5,4,5,4,5,5,5,-1,-1,3,-1,-1,5,-1,-1,-1,5,-1,4,-1,-1,-1,3,-1,-1,-1,3,-1,-1,-1,3,-1,-1,-1,3,-1,5,2,2,5,5,1,1,1,5,1,1,1,1,1,1,5,5,1,5,5,4,4,4,2,4,4,1,5,3,1,1,3,5,5,1,114
A,5,M,2,2,iPhone,5,5,5,5,5,5,5,5,5,5,1,1,1,1,1,1,4,1,1,5,5,5,1,1,1,4,1,1,1,1,5,1,1,5,5,1,1,4,4,4,4,4,5,5,4,4,5,5,5,5,5,1,5,5,4,5,1,4,5,5,4,4,4,4,4,4,4,4,1,1,3,3,5,1,115
A,2,W,1,6,Android ,5,5,3,5,5,4,2,2,2,3,1,1,1,1,1,1,1,1,1,1,1,1,1,1,1,1,1,1,1,3,1,1,1,1,1,1,1,1,1,5,3,4,5,2,1,4,4,5,3,3,1,1,1,2,4,5,1,1,4,5,1,1,1,1,2,2,3,1,1,1,5,5,5,1,116
A,5,M,4,5,Android ,5,5,1,5,5,5,5,5,4,5,5,1,5,1,1,1,1,1,4,3,1,3,1,2,1,4,1,1,2,2,4,1,1,1,1,1,2,3,3,4,4,4,5,5,2,2,4,5,5,4,3,1,5,4,4,5,2,2,5,5,5,1,1,1,4,3,5,2,1,1,3,4,4,1,117
A,4,M,4,2,iPhone,5,5,4,4,4,4,4,4,2,5,5,5,-1,-1,5,-1,-1,-1,-1,4,-1,-1,-1,-1,-1,-1,-1,-1,-1,-1,-1,-1,-1,-1,-1,-1,-1,3,-1,5,3,1,5,5,4,4,4,5,1,1,1,1,5,1,2,5,1,5,5,4,4,1,1,1,4,1,3,3,1,1,3,3,4,1,118
A,6,M,4,1,iPhone,5,5,2,5,4,4,5,5,4,4,4,-1,-1,-1,-1,-1,-1,-1,-1,2,-1,-1,2,-1,-1,2,-1,-1,-1,-1,-1,-1,-1,-1,-1,-1,-1,2,-1,5,4,5,5,4,2,2,4,4,-1,3,-1,-1,5,4,4,5,2,4,5,5,3,-1,-1,2,5,-1,4,4,-1,-1,2,5,2,2,119
A,5,M,4,3,iPhone,5,5,5,5,5,5,5,5,5,5,3,4,2,1,-1,3,-1,-1,-1,5,-1,4,-1,-1,-1,-1,-1,-1,2,-1,-1,-1,-1,-1,-1,-1,-1,3,2,4,4,3,5,5,4,4,4,4,2,4,1,1,4,4,4,5,2,5,5,4,4,2,3,1,4,1,4,2,-1,3,4,3,5,4,120
A,6,M,2,2,Android ,5,4,1,4,4,5,-1,1,4,5,1,1,1,1,1,3,1,1,1,5,1,1,5,2,1,4,1,1,2,1,1,1,1,4,1,1,1,3,1,5,4,4,5,5,3,3,5,5,4,4,-1,1,4,4,4,5,3,1,1,4,4,4,3,3,4,4,4,3,1,1,2,4,5,1,121
A,6,W,2,4,iPhone,5,4,4,4,5,4,-1,4,4,5,-1,-1,3,-1,-1,-1,2,-1,4,5,-1,-1,-1,-1,-1,4,-1,-1,-1,4,4,-1,-1,-1,-1,-1,-1,3,2,5,4,4,5,5,1,1,4,5,4,4,1,1,4,3,4,5,1,2,5,5,4,2,2,1,3,1,4,4,1,1,4,4,5,1,122
A,5,M,3,5,iPhone,5,4,3,4,5,5,5,5,4,5,4,4,3,1,1,1,1,1,1,5,5,-1,1,4,1,3,1,1,4,2,1,4,1,2,3,4,1,4,2,5,4,4,5,5,2,3,4,4,4,4,-1,4,4,4,4,5,4,5,5,5,5,3,2,3,5,2,4,3,1,4,3,4,5,3,123
A,5,M,4,2,iPhone,5,5,5,5,4,5,5,5,4,4,4,2,5,1,1,4,1,1,1,5,3,3,5,4,1,4,1,1,5,4,1,5,4,5,1,1,1,5,3,5,4,4,5,5,4,4,5,5,4,4,5,3,5,4,4,5,5,5,5,5,5,5,3,2,5,5,5,3,1,1,4,4,5,3,124
A,4,W,3,2,iPhone,5,5,5,5,5,5,5,5,5,5,3,1,1,1,1,2,3,3,1,1,1,1,1,1,1,3,1,1,1,1,1,1,1,1,1,1,1,4,3,4,4,4,5,4,3,3,4,5,3,3,3,3,5,4,4,5,3,4,5,5,4,5,3,3,4,4,4,3,-1,-1,3,3,5,-1,125
A,6,M,4,3,iPhone,5,4,5,-1,5,5,5,5,5,5,4,1,1,1,1,1,1,1,1,5,1,4,1,1,1,1,1,1,1,1,1,4,1,1,1,4,1,4,4,5,4,4,5,5,3,3,4,5,3,4,2,2,3,4,4,5,1,5,5,4,4,4,1,4,5,3,4,4,1,4,3,4,5,3,126
B,4,W,1,3,Android ,-1,2,1,2,2,2,3,1,1,-1,1,1,1,1,3,1,1,1,1,1,1,1,1,1,1,1,1,1,1,1,1,1,1,1,1,1,1,3,1,4,1,1,4,2,1,1,1,3,1,4,1,1,5,1,1,1,1,1,1,2,4,1,1,1,1,1,4,2,1,1,2,4,1,1,127
B,5,W,1,2,Android ,5,4,3,4,4,4,5,5,5,4,1,1,1,1,4,1,1,1,1,1,1,1,1,1,1,2,1,1,1,1,4,1,1,1,1,1,1,2,4,4,2,2,5,5,2,2,4,5,1,2,1,1,5,2,4,3,1,1,3,3,3,1,1,1,4,1,4,4,1,1,1,4,3,1,128
B,5,M,5,2,iPhone,5,5,1,5,5,5,5,5,4,5,5,-1,1,-1,-1,3,-1,-1,3,5,4,-1,-1,-1,4,-1,-1,-1,-1,-1,-1,-1,-1,-1,-1,-1,-1,3,1,5,4,5,5,5,4,4,5,4,4,5,4,5,5,4,4,5,3,5,5,3,5,3,2,1,5,4,5,-1,-1,-1,2,4,5,2,129
B,4,W,2,1,Android ,5,5,5,5,5,5,5,5,4,5,1,4,4,1,1,1,1,1,1,1,4,5,1,1,1,2,1,1,1,2,1,1,1,-1,1,1,1,2,1,5,4,2,5,1,1,1,3,5,4,1,1,1,5,4,4,4,2,1,2,1,1,1,1,1,4,1,5,3,1,1,1,1,5,1,130
B,6,W,4,5,Android ,5,5,4,-1,4,4,4,4,4,5,1,5,1,1,1,1,5,1,3,1,1,3,1,2,1,5,1,1,2,2,4,1,4,1,1,1,1,4,1,5,4,2,5,5,3,3,5,1,1,2,1,1,5,4,4,5,4,5,4,4,5,5,5,4,5,2,4,3,1,1,3,4,5,4,131
B,2,W,1,2,Android ,-1,4,2,2,4,4,4,4,4,4,4,-1,-1,-1,-1,-1,-1,-1,-1,4,-1,-1,-1,-1,-1,-1,-1,-1,-1,-1,-1,-1,-1,-1,-1,-1,-1,3,-1,4,4,5,4,4,2,3,4,4,-1,4,-1,-1,4,4,4,-1,4,-1,4,-1,5,-1,5,-1,5,-1,-1,-1,-1,-1,-1,2,5,-1,132
B,4,W,1,1,Android ,3,5,2,4,3,3,5,2,3,5,1,1,1,1,1,1,1,1,1,1,1,5,1,1,1,1,1,1,1,2,1,1,1,1,1,1,1,3,1,5,4,4,5,4,3,3,4,5,4,2,1,-1,1,3,4,4,-1,4,5,5,5,5,-1,-1,4,1,3,-1,-1,-1,1,4,5,-1,133
B,5,W,1,3,Android ,5,5,4,5,5,5,5,4,4,4,-1,1,-1,1,-1,1,-1,-1,-1,2,3,1,-1,2,-1,-1,-1,-1,-1,2,5,-1,5,2,-1,-1,-1,2,1,4,2,2,5,5,2,2,5,5,5,4,5,1,4,4,4,5,5,5,5,4,2,4,2,1,4,1,5,3,1,5,4,3,5,-1,134
B,5,W,1,4,Android ,5,4,1,1,4,4,4,3,4,4,1,1,1,2,1,1,4,1,1,4,1,4,1,1,1,1,1,4,1,1,1,1,1,1,1,1,1,3,4,4,2,3,5,4,3,3,5,5,4,3,2,1,5,4,4,5,3,3,3,4,4,3,4,2,4,2,4,3,1,1,2,3,4,3,135
B,5,M,4,5,Android ,5,4,3,4,3,4,5,4,3,4,5,1,1,1,1,1,1,1,1,1,1,3,1,1,1,1,1,1,1,1,1,1,1,1,1,5,1,2,1,2,1,1,5,5,1,1,2,5,2,3,2,1,5,3,3,5,3,1,5,5,3,1,1,4,4,1,3,2,1,4,2,4,4,1,136
B,5,M,1,3,Android ,4,4,2,3,3,2,1,2,2,4,2,1,-1,-1,-1,-1,-1,-1,-1,-1,-1,-1,-1,-1,1,3,1,-1,-1,-1,2,-1,-1,4,-1,-1,-1,2,1,4,1,1,4,5,1,3,3,5,5,1,1,-1,3,3,2,5,1,1,1,4,2,1,-1,4,4,2,4,3,-1,-1,1,4,1,-1,137
B,5,M,3,4,iPhone,5,5,4,5,5,5,5,5,5,5,1,2,1,1,1,1,1,1,2,3,1,1,1,1,2,3,1,1,1,1,4,1,1,3,1,1,1,1,1,3,1,1,5,5,2,3,5,1,4,4,1,1,4,3,3,5,2,2,5,5,2,3,1,1,2,1,3,1,1,1,3,3,5,2,138
B,3,M,1,2,iPhone,5,5,5,5,5,5,5,5,5,5,3,1,1,1,1,1,1,1,1,5,1,1,1,1,1,1,1,1,1,1,1,1,1,1,1,1,1,4,3,5,3,4,5,5,4,4,5,5,5,4,5,2,2,4,4,5,2,5,5,5,5,5,2,4,4,2,5,2,1,1,2,4,5,2,139
B,5,W,3,3,Android ,5,5,4,4,5,5,5,5,5,4,1,1,1,4,1,1,1,1,3,1,1,2,1,1,1,1,1,1,1,1,1,1,1,2,1,1,1,2,2,4,4,5,5,5,4,4,5,5,5,5,5,4,4,5,5,5,2,5,4,4,3,3,3,2,4,3,5,5,1,1,3,4,5,1,140
B,6,W,1,5,Android ,5,5,2,5,5,5,5,5,5,5,1,5,1,1,1,1,2,1,1,4,4,1,1,1,1,1,1,1,1,2,1,1,1,1,1,1,1,1,2,4,2,3,5,5,2,1,1,5,5,5,5,1,3,4,4,5,1,3,5,4,2,3,2,2,5,2,4,4,1,1,3,1,5,2,141
B,4,M,3,2,Mobiltelefon,NA,NA,NA,NA,NA,NA,NA,NA,NA,5,1,1,1,1,1,1,1,1,1,1,1,1,1,1,1,1,1,1,1,1,1,1,1,1,1,1,1,3,1,NA,NA,NA,NA,NA,NA,NA,NA,NA,NA,NA,NA,NA,NA,NA,NA,NA,NA,NA,NA,NA,NA,NA,NA,NA,NA,NA,NA,NA,NA,NA,NA,NA,NA,NA,142
B,4,M,1,1,Android ,5,5,-1,5,5,5,5,5,5,5,1,1,1,1,1,1,1,1,1,1,1,1,1,1,1,1,1,1,3,1,1,1,1,1,1,1,1,1,3,5,4,1,5,5,5,5,5,5,5,3,3,1,1,3,3,5,-1,1,1,4,1,1,1,1,3,3,3,3,1,1,1,4,5,1,143
B,4,W,1,6,iPhone,5,5,1,4,5,4,4,4,1,5,-1,4,-1,-1,-1,-1,-1,-1,-1,-1,4,-1,-1,-1,-1,-1,-1,-1,-1,-1,-1,-1,-1,5,-1,-1,-1,3,-1,5,3,4,5,5,4,4,4,5,1,3,1,1,5,4,3,4,1,1,4,4,4,4,2,4,4,1,4,1,1,1,1,3,5,1,144
B,5,M,2,3,Android ,2,4,1,3,2,3,1,2,3,2,-1,-1,3,-1,-1,3,-1,-1,4,-1,4,-1,-1,-1,-1,3,-1,-1,-1,-1,-1,-1,-1,-1,-1,-1,-1,4,2,4,1,-1,4,4,1,2,4,5,5,4,4,-1,3,1,3,3,-1,-1,1,3,-1,-1,-1,-1,3,1,3,-1,-1,-1,-1,3,4,-1,145
B,2,W,2,2,Android ,5,5,3,-1,3,5,-1,3,4,4,-1,-1,-1,-1,-1,3,-1,-1,-1,-1,-1,-1,-1,-1,-1,3,-1,-1,-1,-1,-1,-1,-1,-1,-1,-1,-1,4,-1,4,2,3,5,4,4,3,4,4,4,4,2,1,2,3,3,4,4,2,4,3,2,2,1,1,4,2,4,3,1,1,1,1,1,1,146
B,3,W,1,2,iPhone,5,5,1,5,4,5,5,2,2,5,1,1,1,1,5,1,2,2,1,3,1,1,4,1,1,1,1,1,1,1,1,1,1,5,1,1,1,1,3,5,4,5,5,5,4,5,5,5,4,4,1,1,4,5,4,5,1,1,5,5,1,4,3,1,5,1,5,2,1,1,3,4,5,2,147
B,5,W,1,3,Android ,5,2,2,4,5,3,-1,3,5,5,-1,5,4,-1,-1,1,-1,2,-1,2,-1,-1,-1,-1,-1,-1,-1,-1,-1,-1,5,5,5,5,5,-1,-1,4,3,5,4,4,5,5,2,2,5,4,3,4,4,1,5,5,2,5,2,2,4,4,5,3,1,1,5,2,4,4,-1,-1,3,3,4,4,148
B,5,W,2,2,iPhone,5,5,4,4,5,5,-1,5,4,4,2,-1,-1,-1,5,2,-1,4,-1,-1,-1,-1,-1,-1,-1,-1,-1,-1,-1,-1,-1,-1,-1,-1,-1,-1,-1,3,2,5,3,4,5,4,1,3,1,5,1,3,1,1,3,3,3,4,2,4,5,5,2,2,1,1,5,2,5,2,1,1,2,1,3,1,149
B,7,M,4,4,Android ,5,2,2,2,5,4,4,4,3,4,5,4,1,1,4,2,2,1,1,1,1,1,1,1,1,2,3,2,1,1,5,1,1,1,1,1,1,3,2,4,2,3,5,4,3,4,4,5,4,4,3,1,3,3,2,5,4,2,2,5,4,4,3,4,3,2,3,1,1,1,2,3,3,1,150
B,2,W,1,5,Mobiltelefon,NA,NA,NA,NA,NA,NA,NA,NA,NA,5,1,1,1,1,1,1,1,1,1,1,1,4,5,1,1,1,1,1,1,1,1,1,1,1,1,1,1,2,2,NA,NA,NA,NA,NA,NA,NA,NA,NA,NA,NA,NA,NA,NA,NA,NA,NA,NA,NA,NA,NA,NA,NA,NA,NA,NA,NA,NA,NA,NA,NA,NA,NA,NA,NA,151
B,4,M,2,5,Android ,5,4,2,4,5,5,5,5,5,4,1,4,1,1,1,3,1,1,1,1,1,3,1,1,1,1,1,1,1,1,1,1,5,1,1,1,1,1,4,4,2,2,5,4,4,4,5,5,4,4,4,1,5,4,4,5,5,4,5,5,5,4,2,2,4,2,5,5,3,1,2,3,5,1,152
B,5,W,1,3,Android ,5,5,1,3,4,5,1,4,4,5,1,1,1,1,1,1,1,1,1,1,1,4,1,1,1,1,1,1,1,1,1,1,1,1,1,1,1,4,1,5,2,3,5,3,1,1,1,4,1,2,1,1,1,3,1,1,1,2,1,3,1,4,1,4,4,1,4,4,1,1,1,1,5,1,153
B,5,M,3,3,Android ,5,4,4,4,4,5,5,5,5,4,-1,4,1,1,1,1,1,1,1,1,1,1,1,1,1,1,1,1,1,3,3,1,1,1,1,1,1,1,1,5,3,4,5,4,4,4,2,5,3,1,1,1,4,4,3,4,4,1,5,5,4,1,1,1,4,2,4,3,1,1,3,4,5,1,154
B,5,M,3,3,Android ,5,5,2,3,3,5,-1,4,4,5,1,1,1,5,1,1,1,1,1,5,1,1,1,1,1,1,1,1,1,1,1,1,1,1,1,1,1,4,1,3,1,4,5,5,3,3,4,5,5,4,4,1,5,5,4,4,3,5,5,5,3,3,1,1,5,1,5,2,1,1,3,4,5,1,155
B,5,W,1,5,iPhone,5,5,5,5,5,5,5,4,5,5,-1,4,4,-1,-1,-1,2,-1,5,4,4,-1,-1,-1,2,-1,-1,-1,-1,-1,-1,-1,-1,3,-1,-1,-1,4,4,5,4,1,5,5,4,4,5,5,4,3,4,1,5,4,4,4,1,5,4,4,4,4,2,4,4,3,5,5,1,1,2,4,5,5,156
B,3,W,1,3,iPhone,2,4,2,5,4,4,2,3,3,4,1,1,1,1,1,2,1,1,1,1,3,1,1,1,1,1,1,1,1,1,1,1,1,1,1,1,1,4,2,5,2,5,5,5,1,1,1,5,1,4,1,1,1,5,4,5,1,1,4,1,1,3,1,1,5,3,5,1,1,1,1,3,5,1,157
B,5,M,2,4,iPhone,5,4,-1,3,4,3,-1,5,1,1,1,1,1,1,5,1,1,1,1,4,1,1,1,1,1,2,1,1,3,1,1,1,1,1,1,1,1,2,1,2,1,2,5,3,2,3,2,4,1,3,1,1,1,2,2,3,3,4,4,4,3,4,1,2,2,1,2,1,1,1,2,2,4,1,158
B,5,W,2,4,iPhone,5,5,1,5,5,5,5,4,4,5,-1,1,5,-1,-1,-1,4,-1,5,2,5,-1,-1,-1,-1,-1,-1,-1,-1,-1,-1,5,-1,-1,5,5,-1,2,2,4,3,1,5,5,3,3,5,5,5,5,1,5,5,4,3,5,2,5,5,2,4,4,4,4,4,2,5,3,-1,5,3,3,5,2,159
B,6,M,4,6,Android ,5,5,5,5,5,5,5,5,5,5,-1,-1,-1,-1,-1,-1,-1,-1,-1,-1,-1,-1,-1,-1,-1,-1,-1,5,-1,-1,-1,-1,-1,-1,-1,-1,-1,3,-1,5,5,5,5,5,-1,-1,5,5,-1,-1,-1,-1,5,5,4,-1,5,5,5,5,5,-1,-1,5,-1,-1,-1,5,-1,-1,-1,-1,5,-1,160
B,4,W,2,2,iPhone,5,4,4,3,3,3,2,2,3,5,-1,-1,-1,-1,-1,2,-1,-1,-1,-1,-1,-1,-1,-1,-1,2,-1,-1,-1,-1,-1,-1,-1,3,-1,-1,-1,3,2,5,4,4,5,5,3,4,1,5,1,2,1,1,1,3,3,5,1,4,5,5,2,4,1,2,4,3,4,4,1,1,2,4,5,1,161
B,6,M,2,1,Android ,5,5,2,5,5,5,5,3,5,5,-1,-1,-1,-1,-1,-1,-1,-1,-1,5,5,-1,-1,-1,-1,4,5,5,-1,-1,-1,-1,-1,-1,-1,-1,-1,4,-1,5,4,5,5,4,3,4,3,5,3,3,-1,-1,5,5,4,5,5,5,5,5,3,5,-1,4,5,3,5,-1,-1,-1,3,4,5,-1,162
B,4,W,2,1,Android ,5,5,3,5,5,5,5,5,5,5,-1,-1,-1,-1,-1,-1,-1,-1,-1,5,-1,-1,-1,-1,-1,-1,-1,-1,-1,-1,-1,-1,-1,-1,-1,-1,-1,3,2,4,-1,3,5,4,4,-1,4,5,-1,3,-1,-1,4,4,4,5,4,3,5,5,-1,-1,-1,3,4,2,5,3,-1,-1,2,4,5,-1,163
B,5,W,1,2,Android ,5,4,4,3,4,5,5,5,5,4,1,1,1,1,1,2,1,1,1,1,1,5,1,1,1,1,1,1,1,1,1,1,1,1,1,1,1,3,2,5,3,4,5,4,3,2,4,5,3,4,1,1,2,3,4,4,1,4,5,4,4,4,1,2,4,2,4,4,1,1,2,3,5,2,164
B,4,M,2,3,iPhone,5,2,3,2,4,4,4,2,2,2,3,4,-1,-1,-1,3,-1,5,-1,1,5,-1,-1,-1,3,-1,-1,-1,-1,-1,-1,-1,-1,-1,-1,-1,-1,5,5,5,4,4,4,4,3,3,3,4,2,1,2,2,3,2,2,4,3,3,4,5,2,3,3,4,4,3,3,3,1,2,2,3,5,3,165
B,5,W,3,3,iPhone,5,5,4,4,5,5,4,5,5,5,1,1,1,1,1,1,1,1,4,1,1,1,1,1,1,1,1,1,1,1,1,1,1,1,1,1,1,3,3,5,3,4,5,4,1,1,1,5,1,4,1,1,4,1,3,4,1,4,4,2,4,1,1,1,4,1,4,3,1,1,1,3,3,1,166
B,5,W,1,3,iPhone,5,5,3,5,5,5,2,4,4,5,1,1,4,1,1,2,1,1,1,1,1,4,1,1,1,2,1,1,1,1,1,1,1,3,1,1,1,5,4,4,3,2,5,4,3,3,2,5,2,3,3,1,5,4,4,5,4,4,5,4,4,4,1,4,5,3,5,4,-1,-1,3,4,5,2,167
B,5,W,1,3,Andere,5,5,3,5,5,5,5,4,3,5,-1,-1,-1,-1,-1,-1,-1,-1,-1,4,-1,3,-1,-1,-1,3,-1,-1,-1,2,-1,-1,-1,1,-1,-1,-1,3,2,4,4,4,5,5,2,3,4,4,3,2,2,1,2,2,2,5,2,3,5,4,4,5,1,3,4,2,4,4,-1,-1,2,3,5,3,168
B,5,W,4,4,iPhone,5,5,4,5,5,5,5,5,5,5,1,2,-1,-1,-1,3,-1,3,-1,5,-1,-1,-1,-1,-1,4,-1,-1,-1,-1,-1,-1,-1,5,-1,-1,-1,3,4,5,4,5,5,5,1,3,5,5,2,2,2,1,4,5,4,5,1,5,5,5,5,1,1,2,5,1,5,5,1,1,3,4,5,3,169
B,6,M,3,3,iPhone,5,5,-1,5,5,5,5,5,5,5,-1,-1,-1,-1,-1,2,-1,-1,-1,3,-1,5,-1,-1,-1,2,-1,-1,-1,-1,-1,-1,-1,3,-1,-1,-1,3,3,3,1,2,5,5,2,3,5,3,4,4,2,2,5,4,3,5,1,5,5,5,3,4,1,2,5,1,4,4,2,1,1,3,5,1,170
B,4,M,1,5,Android ,5,3,3,3,5,5,-1,5,4,5,1,4,1,1,1,2,1,1,1,1,1,1,1,1,1,2,1,1,1,1,1,1,1,1,1,1,1,3,2,4,2,1,5,3,2,1,2,1,3,1,1,1,5,4,3,5,2,3,3,2,1,1,1,1,4,1,3,3,2,1,3,3,2,1,171
B,5,W,2,3,iPhone,5,5,5,5,5,5,5,5,5,4,-1,-1,-1,-1,-1,3,-1,-1,-1,-1,-1,2,1,2,-1,-1,-1,-1,-1,2,-1,-1,-1,-1,-1,-1,-1,3,4,4,2,4,5,5,3,3,4,5,5,4,4,4,1,4,4,5,2,2,5,4,4,3,3,1,-1,2,5,5,1,1,2,3,5,1,172
B,4,W,1,6,iPhone,5,4,4,4,5,5,-1,4,4,5,1,1,1,1,1,2,1,1,5,4,1,1,1,1,1,1,1,1,1,1,1,3,1,1,1,1,1,3,1,4,5,3,5,5,3,4,5,5,4,3,3,1,5,1,4,5,1,1,5,1,1,4,1,2,4,1,4,4,1,1,3,3,5,1,173
B,6,M,2,5,Android ,5,5,-1,5,5,5,5,3,5,5,5,-1,-1,-1,-1,2,-1,-1,-1,-1,-1,4,-1,2,-1,-1,-1,-1,-1,2,-1,-1,-1,-1,-1,-1,-1,-1,-1,5,3,1,5,5,2,4,2,5,1,2,1,1,4,4,4,5,1,1,4,5,1,3,1,1,3,1,5,3,1,1,4,4,5,1,174
B,4,M,2,4,Android ,5,2,4,2,4,5,4,4,3,4,4,2,1,1,5,2,1,1,1,2,1,4,1,1,1,3,1,1,3,2,1,1,1,2,1,1,1,3,2,4,3,3,5,3,3,4,4,5,4,4,3,2,4,3,3,4,2,5,5,4,4,4,1,4,4,3,3,2,1,1,3,2,4,1,175
B,4,W,3,2,Android ,5,4,3,4,5,5,5,4,4,5,1,1,1,1,5,1,1,1,1,1,1,4,1,1,1,3,1,1,1,1,1,1,1,4,1,1,1,4,2,5,4,5,5,4,2,2,1,4,1,4,1,1,3,5,4,-1,2,5,-1,5,3,2,1,1,-1,1,5,2,1,1,2,3,5,4,176
B,4,M,3,3,iPhone,5,5,5,5,5,5,5,2,2,5,1,1,1,1,1,1,1,1,3,5,1,1,1,1,1,1,1,1,1,1,1,4,1,1,1,1,1,4,3,4,3,1,5,4,2,4,4,5,3,3,1,1,1,2,3,4,1,1,5,4,4,4,1,1,4,1,5,1,1,1,3,3,5,3,177
B,4,M,4,2,iPhone,3,4,4,4,5,5,-1,4,4,5,1,1,1,1,1,1,1,1,1,4,1,4,1,1,1,4,1,1,2,1,4,1,1,1,1,1,1,2,1,4,4,4,5,4,4,4,5,5,5,3,3,1,5,4,4,5,3,5,5,4,4,2,1,1,4,2,4,3,1,1,3,3,4,2,178
B,6,W,3,2,Android ,5,5,-1,5,5,5,5,2,5,5,1,1,1,1,1,1,1,1,1,1,1,4,1,1,1,4,1,1,1,1,1,1,1,3,1,1,1,4,4,5,5,4,5,5,4,5,5,5,5,5,5,1,4,4,4,5,1,2,1,4,4,4,1,4,5,4,5,4,1,1,2,4,5,1,179
B,3,W,1,3,iPhone,5,5,2,2,5,5,5,5,5,5,-1,4,2,-1,-1,1,-1,-1,-1,-1,-1,-1,-1,-1,-1,-1,-1,-1,-1,-1,-1,-1,-1,4,-1,-1,-1,3,1,4,2,2,5,4,2,2,5,5,1,3,-1,-1,3,2,2,4,4,4,4,3,4,1,1,4,4,1,4,4,-1,-1,-1,1,3,3,180
B,6,W,2,5,iPhone,5,5,5,5,5,5,5,5,4,5,2,3,5,1,1,1,1,1,1,5,1,1,1,1,1,1,1,1,1,1,1,1,1,1,1,1,1,2,1,4,3,4,5,4,1,3,5,5,5,4,1,1,5,3,3,4,1,5,5,4,4,3,1,1,5,1,4,4,1,1,3,3,5,1,181
B,5,M,2,4,Android ,5,4,4,5,4,5,-1,5,5,4,5,3,1,1,1,1,1,1,1,1,1,1,1,5,1,4,1,1,1,1,1,1,1,1,3,1,1,1,2,5,3,1,5,4,1,1,3,5,5,1,1,1,5,4,3,4,5,5,5,5,4,4,3,3,2,3,5,4,3,1,1,2,5,3,182
B,2,W,1,1,Android ,5,5,1,3,5,5,5,5,3,5,-1,-1,4,-1,-1,4,-1,-1,-1,-1,-1,-1,4,-1,-1,4,-1,-1,-1,3,5,-1,-1,5,-1,-1,-1,3,-1,3,2,3,5,5,3,4,5,5,4,4,4,1,1,3,2,4,4,1,3,4,1,1,1,1,5,2,5,2,1,1,2,4,1,1,183
B,3,M,1,3,iPhone,5,4,3,4,4,5,5,3,3,4,-1,-1,-1,-1,-1,2,1,-1,-1,-1,4,-1,-1,-1,-1,2,-1,-1,-1,-1,-1,-1,-1,-1,-1,-1,-1,-1,3,5,3,1,5,4,2,4,5,5,5,5,2,1,4,4,4,1,1,3,5,5,3,5,3,4,5,5,5,2,1,1,2,5,-1,1,184
B,4,M,1,3,Android ,5,4,5,5,5,5,5,3,5,5,1,1,1,1,4,1,1,1,1,5,1,1,1,1,4,1,1,1,5,1,1,1,1,1,1,1,1,1,5,5,5,1,5,5,3,5,5,5,4,5,5,1,1,4,4,4,4,4,4,4,4,3,1,1,4,1,5,5,1,1,1,4,5,1,185
B,3,M,1,4,iPhone,5,5,1,4,3,3,2,2,2,5,1,1,1,1,1,4,1,1,1,1,1,1,4,1,1,1,1,4,1,1,1,1,1,3,1,1,1,3,2,5,2,4,2,3,1,3,4,5,3,2,2,1,3,5,3,5,1,2,2,3,3,4,1,1,4,1,4,1,1,1,4,4,3,1,186
B,6,W,2,5,iPhone,5,5,3,4,5,5,5,5,5,5,2,3,5,1,1,2,1,1,1,3,1,3,1,1,1,1,1,1,1,1,1,1,1,2,1,1,1,2,2,4,3,4,5,5,3,3,5,5,4,4,2,1,3,4,4,4,1,5,5,3,2,2,1,1,4,2,5,2,1,1,2,3,4,4,187
B,4,M,2,2,Android ,5,4,4,4,5,4,-1,4,4,5,1,1,1,1,1,1,1,1,1,4,4,4,1,1,1,1,1,1,5,1,5,1,1,1,1,1,1,4,2,5,3,5,5,5,2,2,4,5,4,2,1,1,5,3,4,5,3,2,5,4,4,4,1,1,4,4,4,1,1,1,1,4,5,2,188
B,4,M,5,1,Android ,5,5,-1,4,5,5,-1,3,4,5,1,-1,1,-1,-1,2,-1,-1,4,-1,4,4,-1,2,2,-1,-1,-1,4,-1,5,1,3,-1,-1,-1,-1,3,1,4,3,1,5,4,4,4,5,5,5,3,-1,1,5,3,3,4,5,5,5,5,2,4,3,3,4,2,5,5,-1,-1,2,4,5,-1,189
B,5,W,1,1,iPhone,5,5,5,5,5,5,5,5,5,5,1,1,1,1,1,1,3,3,1,1,1,4,1,1,1,3,1,1,1,1,1,1,1,1,1,1,1,2,2,5,4,4,5,5,3,3,5,5,3,4,3,-1,4,4,4,5,5,5,5,4,4,4,3,2,4,2,4,4,1,1,3,3,5,3,190
B,4,W,2,3,Android ,5,5,4,5,5,5,5,5,4,5,1,1,1,3,1,1,3,1,4,4,2,4,1,1,1,1,1,1,1,1,4,1,1,1,1,1,1,3,2,4,4,3,5,5,2,4,4,5,4,4,1,1,1,4,3,5,1,5,4,4,4,2,4,4,4,2,5,4,1,1,2,1,5,4,191
B,6,M,4,4,Android ,5,5,2,5,5,5,4,4,4,1,5,1,1,1,1,4,1,1,1,1,1,4,1,1,4,1,1,1,4,2,2,1,1,3,1,1,1,2,2,5,3,3,5,4,3,3,4,5,3,2,2,1,4,4,4,4,2,5,5,5,4,3,2,1,5,4,5,3,2,1,4,2,5,1,192
B,5,W,2,4,iPhone,5,5,3,3,4,5,5,4,3,5,-1,-1,5,-1,-1,-1,-1,-1,-1,5,-1,-1,-1,-1,-1,-1,-1,-1,-1,3,-1,-1,-1,-1,-1,-1,-1,4,3,4,3,2,5,4,2,3,3,5,4,4,1,1,1,1,1,4,3,5,5,4,3,4,1,4,4,1,5,3,1,1,3,3,5,4,193
B,6,W,1,3,Android ,5,5,1,-1,5,5,5,5,5,5,1,1,1,1,1,3,1,1,1,1,1,1,1,1,1,1,1,1,1,1,1,1,1,1,1,1,1,1,2,5,1,1,5,5,1,1,1,5,1,3,1,1,1,3,4,5,1,5,5,3,2,1,1,3,4,1,5,5,1,1,3,3,4,1,194
B,4,W,1,3,Android ,5,4,2,4,4,4,5,4,2,5,1,1,1,1,1,1,1,1,1,1,1,1,1,1,1,1,1,1,1,1,1,1,1,1,1,1,1,1,3,3,4,4,4,5,3,4,1,5,4,4,5,1,1,3,3,4,1,4,4,4,1,4,1,1,4,1,4,4,1,1,2,3,5,2,195
B,4,W,3,4,iPhone,5,3,1,3,2,5,5,4,5,5,-1,-1,5,-1,5,2,-1,-1,-1,-1,-1,-1,-1,-1,-1,-1,-1,-1,-1,-1,-1,-1,-1,3,-1,-1,-1,4,4,5,1,2,5,5,1,2,3,4,1,1,1,1,3,3,2,4,2,1,4,2,2,2,1,1,4,1,4,3,-1,-1,1,3,1,-1,196
B,4,M,2,2,Android ,4,3,2,3,4,2,2,3,3,5,1,1,2,1,1,1,3,1,1,1,1,4,3,1,1,3,1,1,1,1,1,1,1,1,1,1,5,3,1,3,4,1,5,4,3,3,3,5,2,2,2,1,1,3,4,3,1,4,4,4,4,3,3,1,3,1,4,3,2,1,1,4,3,1,197
B,4,M,1,1,iPhone,5,2,5,2,5,5,5,5,5,5,1,1,4,1,1,1,5,5,1,5,1,1,1,1,1,4,1,1,4,1,1,4,1,5,1,1,1,1,4,5,2,2,5,5,1,5,5,5,2,2,1,1,5,4,4,4,1,1,4,2,1,1,4,1,4,1,4,1,1,1,1,4,4,4,198
B,5,M,1,4,iPhone,5,3,3,2,4,5,-1,4,3,5,1,1,1,1,1,3,1,1,1,3,1,4,1,2,1,1,1,1,2,1,1,1,5,1,1,1,1,4,1,4,3,1,5,5,3,3,4,5,4,3,1,1,3,4,4,4,1,5,5,4,4,1,1,1,4,1,4,4,1,1,3,4,5,3,199
B,5,W,2,3,iPhone,5,4,3,5,5,5,5,5,5,4,1,1,5,1,1,3,1,1,1,5,4,1,1,1,1,1,1,1,1,1,1,1,1,1,1,1,1,4,3,4,5,5,5,5,3,3,5,5,5,4,4,4,4,4,4,5,4,5,5,5,5,4,2,4,5,3,4,4,1,1,3,4,5,4,200
B,6,M,5,3,Android ,5,5,5,5,5,5,5,5,5,5,5,5,1,1,1,5,1,1,1,1,1,1,1,1,1,1,1,1,1,1,1,1,1,1,1,1,1,1,1,5,5,5,5,5,5,5,5,5,5,5,5,4,4,4,4,4,4,4,4,4,2,5,5,3,2,2,3,2,2,2,2,2,2,2,201
B,6,M,2,5,iPhone,5,5,1,5,5,5,5,5,5,5,5,5,2,1,1,1,1,1,1,5,1,4,1,1,1,1,1,1,1,1,1,1,1,1,1,1,1,4,1,4,5,1,5,5,3,3,4,1,5,3,1,2,4,4,3,5,4,5,5,5,2,2,2,2,3,1,5,5,1,1,3,4,5,1,202
B,5,M,3,2,iPhone,5,5,4,5,5,5,5,5,5,5,1,1,5,1,1,2,1,1,1,1,5,1,1,1,2,3,1,2,1,1,1,5,1,1,1,1,1,3,1,5,1,1,5,5,3,5,5,5,5,1,1,1,5,5,4,5,1,4,5,5,3,1,4,1,5,1,5,5,1,4,3,5,5,4,203
B,2,M,2,3,iPhone,5,4,2,4,3,3,2,4,4,4,-1,-1,-1,-1,-1,-1,-1,-1,-1,-1,-1,5,-1,-1,-1,-1,-1,-1,-1,-1,-1,-1,-1,-1,-1,-1,-1,3,2,5,4,4,4,3,2,3,4,5,4,4,4,-1,3,4,3,5,1,4,3,3,3,1,1,1,4,3,3,2,-1,-1,2,4,5,-1,204
B,3,M,1,2,Android ,5,5,5,5,5,5,5,4,5,5,-1,-1,-1,-1,-1,-1,-1,-1,-1,-1,-1,5,-1,-1,-1,-1,-1,-1,3,-1,4,-1,-1,-1,-1,-1,-1,2,1,4,4,4,5,5,3,4,5,5,3,5,1,1,5,4,4,5,3,5,5,4,3,1,1,1,2,2,5,2,1,1,1,4,5,1,205
B,3,M,3,3,iPhone,5,4,4,4,5,4,5,5,5,5,4,1,3,1,1,4,1,1,1,1,1,4,1,2,1,4,1,1,1,1,1,1,1,4,1,1,1,4,4,5,5,1,5,5,1,1,5,5,4,1,1,4,5,4,4,5,1,4,4,4,4,4,1,1,4,1,5,1,1,1,4,4,5,1,206
B,5,M,3,4,iPhone,5,4,-1,3,4,4,-1,4,3,5,4,-1,-1,-1,-1,-1,-1,-1,-1,5,-1,4,-1,-1,-1,-1,-1,-1,-1,-1,-1,-1,-1,3,-1,-1,-1,3,2,3,4,1,5,4,2,3,4,4,3,4,3,1,4,4,3,4,3,4,3,5,4,3,1,3,4,1,4,2,1,1,2,4,5,1,207
B,5,M,2,3,Android ,5,5,5,5,5,5,5,4,4,4,5,-1,4,4,-1,3,-1,-1,5,-1,-1,-1,2,-1,-1,2,-1,-1,-1,-1,-1,-1,-1,5,-1,5,-1,4,-1,5,4,4,5,5,4,4,5,4,5,5,4,-1,5,4,4,5,2,2,2,4,5,4,4,4,5,3,5,5,-1,4,4,4,5,4,208
B,4,W,3,5,iPhone,5,4,3,3,5,4,2,4,4,5,2,1,1,1,1,1,1,1,1,1,1,1,1,1,1,1,1,1,1,1,3,1,1,3,4,1,1,3,3,5,4,3,5,4,4,4,3,5,4,4,4,2,3,3,4,5,2,2,5,4,4,2,2,2,4,2,4,1,1,1,3,1,4,1,209
B,5,M,3,2,iPhone,5,5,2,5,5,5,5,5,5,5,1,1,5,1,1,5,1,1,1,1,1,1,1,1,1,2,1,1,1,1,1,1,1,4,1,1,1,4,1,5,4,2,5,5,5,3,5,5,3,4,1,1,5,5,1,5,1,1,5,2,2,5,1,1,4,1,5,4,1,1,4,4,1,1,210
B,4,W,4,5,Android ,5,-1,-1,-1,4,5,-1,4,4,5,4,-1,-1,-1,-1,-1,-1,-1,-1,2,-1,1,-1,4,-1,-1,-1,-1,3,-1,-1,-1,-1,-1,-1,-1,-1,4,-1,4,3,3,5,5,4,4,2,5,2,2,2,1,5,4,3,5,4,4,3,5,4,3,1,1,4,1,4,1,-1,-1,3,3,5,-1,211
B,5,W,1,4,Android ,5,3,2,4,3,4,1,2,1,5,3,1,1,1,1,1,1,1,1,1,1,5,3,1,1,3,2,1,1,1,1,1,1,1,1,1,1,3,1,5,3,2,4,2,1,1,4,5,4,4,3,1,1,3,1,3,1,1,5,3,5,2,1,1,4,1,4,1,1,1,1,1,5,1,212
B,5,W,2,4,Android ,5,5,3,2,5,5,-1,3,5,5,1,1,1,1,1,1,1,1,1,4,1,4,1,1,1,1,1,1,1,2,1,1,1,1,1,1,1,3,1,2,4,1,5,3,2,4,3,5,1,1,1,1,4,5,4,5,4,4,5,5,3,2,1,5,4,1,5,5,1,1,2,1,5,1,213
B,6,W,4,3,iPhone,-1,-1,2,5,5,-1,-1,-1,-1,5,1,1,1,1,1,1,1,1,1,1,1,5,1,3,1,1,1,1,1,3,1,4,1,1,1,1,1,4,1,5,4,5,5,5,3,3,4,5,4,4,2,1,3,3,4,5,2,5,5,5,3,3,1,1,5,1,5,5,1,1,2,5,5,1,214
B,3,M,2,2,Android ,5,5,5,5,5,5,5,5,5,4,1,1,1,1,4,1,1,1,1,4,3,1,1,1,1,1,1,1,1,1,1,1,1,1,1,1,1,3,2,4,3,1,5,4,4,5,5,5,1,4,1,1,3,4,4,5,1,1,3,4,3,1,1,1,5,1,4,4,1,1,2,3,5,1,215
B,6,M,5,3,Android ,5,5,3,5,5,5,5,5,5,5,-1,-1,-1,-1,-1,-1,-1,-1,-1,-1,5,-1,-1,-1,-1,-1,-1,-1,-1,-1,-1,-1,-1,-1,-1,-1,-1,3,-1,1,3,1,5,5,1,3,5,5,5,4,1,1,4,5,4,5,1,3,4,4,3,1,1,5,3,3,5,1,1,1,1,3,5,1,216
B,5,M,5,3,Android ,5,5,1,5,3,5,5,5,4,5,1,1,1,1,1,1,1,1,1,1,5,1,1,1,1,1,1,1,1,2,1,1,1,1,1,1,1,2,2,5,4,1,5,4,1,1,4,5,1,3,1,1,3,3,4,4,2,3,5,4,4,4,1,1,4,1,5,4,1,1,3,4,5,1,217
B,7,M,3,4,Android ,5,5,1,5,5,5,5,5,5,5,-1,-1,-1,-1,-1,-1,-1,-1,-1,5,-1,3,-1,3,-1,-1,3,3,2,2,-1,-1,-1,-1,-1,5,-1,3,3,3,1,2,5,4,2,2,4,5,5,5,5,4,4,3,2,4,4,1,4,5,5,4,1,1,4,2,4,4,1,5,3,4,5,1,218
B,4,M,3,3,iPhone,5,5,5,-1,5,5,5,5,4,4,1,1,4,1,1,2,1,1,1,1,1,2,1,2,1,3,1,1,2,1,1,1,1,1,1,1,1,3,-1,4,3,2,5,3,3,2,2,4,3,3,1,3,4,3,4,5,1,2,2,3,5,2,2,2,4,1,4,3,1,1,2,4,3,2,219
B,5,M,2,1,Android ,5,5,4,4,5,4,3,4,1,4,1,1,1,1,1,1,1,1,1,1,1,4,1,1,1,3,1,1,1,1,1,1,1,1,1,1,1,1,2,5,4,3,5,5,2,3,2,5,1,4,1,1,5,2,3,4,1,3,3,4,2,3,1,1,4,2,4,1,1,1,2,3,5,1,220
B,5,W,2,2,iPhone,5,5,5,5,5,5,5,5,5,5,-1,-1,-1,-1,-1,-1,-1,-1,-1,-1,-1,-1,2,-1,-1,3,-1,-1,-1,-1,-1,-1,-1,5,-1,-1,-1,4,2,5,5,5,5,5,3,4,1,5,1,4,1,1,5,5,5,5,2,5,5,5,5,5,1,1,5,1,5,1,1,1,3,2,5,1,221
B,6,W,3,5,Android ,5,4,2,2,4,5,4,2,2,5,1,1,1,1,1,3,4,1,1,1,3,1,1,1,1,1,1,1,1,1,1,1,1,4,1,1,1,4,1,4,3,1,5,5,4,4,4,1,1,5,1,1,5,5,4,5,1,1,5,3,3,4,4,1,4,1,4,4,1,1,2,2,3,1,222
B,5,M,1,4,Android ,5,5,2,5,4,5,5,5,4,4,-1,-1,-1,-1,5,-1,-1,-1,-1,-1,-1,-1,-1,-1,-1,-1,-1,-1,-1,-1,-1,-1,-1,-1,-1,-1,-1,3,-1,4,4,4,5,4,3,4,3,5,4,4,3,1,1,4,1,5,2,1,4,5,2,4,1,3,3,1,3,3,-1,-1,-1,3,5,-1,223
B,3,M,1,2,Android ,-1,3,4,3,-1,-1,-1,-1,-1,4,1,1,1,1,1,1,1,1,1,1,1,1,1,3,1,3,1,2,1,1,4,1,1,1,1,1,1,3,3,3,2,4,5,5,1,3,4,5,5,4,3,1,1,3,3,4,3,4,4,4,4,1,1,1,4,4,4,2,1,1,2,3,5,3,224
B,4,W,1,1,Android ,5,4,3,4,5,3,5,3,2,5,1,1,1,1,1,1,1,1,1,1,1,1,1,1,1,1,1,1,1,4,1,1,1,1,1,1,1,4,4,3,1,5,5,5,4,5,5,1,1,4,1,1,3,4,4,5,2,1,2,5,2,4,1,4,4,1,4,1,1,1,1,1,4,1,225
B,5,M,1,4,Android ,5,4,3,4,4,5,5,5,5,5,-1,-1,5,-1,-1,4,-1,-1,-1,5,-1,3,-1,-1,-1,-1,-1,-1,3,-1,-1,-1,-1,-1,-1,-1,-1,3,-1,5,1,2,5,5,5,-1,4,5,4,5,-1,1,1,5,4,5,4,1,5,5,1,4,1,4,5,1,4,1,1,1,2,1,5,1,226
B,5,M,1,2,iPhone,5,5,5,5,5,5,5,5,5,-1,1,1,1,1,1,1,1,1,1,1,1,1,1,1,1,1,1,1,1,1,1,1,1,1,1,1,1,3,2,5,2,2,5,5,1,4,5,5,4,5,2,3,5,4,4,4,4,5,5,5,4,4,1,2,5,1,5,3,1,4,4,2,5,2,227
B,4,W,3,4,Android ,5,5,5,5,5,-1,-1,5,5,4,-1,-1,2,1,1,1,4,-1,-1,-1,4,4,1,1,-1,3,-1,-1,2,2,-1,-1,-1,-1,-1,-1,-1,-1,3,4,4,4,5,5,4,4,5,5,4,4,3,2,4,4,4,4,3,4,5,5,1,4,1,4,4,2,3,3,-1,-1,3,3,5,3,228
B,6,W,1,4,Android ,5,5,-1,5,4,5,2,2,2,5,-1,-1,-1,-1,-1,2,-1,-1,-1,5,-1,-1,-1,2,-1,2,1,-1,2,2,2,-1,-1,3,-1,-1,-1,4,1,5,3,3,5,5,4,5,5,5,5,5,2,-1,-1,5,5,5,2,5,4,4,-1,3,-1,-1,5,2,5,2,-1,-1,2,3,5,4,229
B,5,W,1,3,iPhone,5,3,2,4,5,5,5,5,5,4,-1,-1,-1,-1,-1,-1,-1,-1,-1,-1,-1,-1,-1,-1,-1,-1,-1,-1,-1,-1,-1,-1,-1,-1,-1,-1,-1,3,4,5,2,1,5,5,2,1,4,5,1,4,1,1,4,3,3,4,3,4,5,3,1,1,1,1,4,1,5,1,1,1,1,3,5,1,230
B,3,M,1,5,iPhone,5,1,5,5,5,-1,5,5,5,5,-1,1,-1,-1,-1,-1,-1,-1,-1,-1,-1,-1,-1,-1,-1,3,-1,-1,-1,-1,-1,-1,-1,-1,-1,-1,-1,4,-1,5,2,1,5,5,3,3,3,5,1,4,1,1,4,5,3,5,1,1,3,3,1,3,1,1,3,1,4,1,1,1,1,5,3,1,231
B,4,M,2,2,Android ,5,-1,1,3,4,5,5,5,5,5,-1,-1,1,-1,5,-1,-1,-1,-1,5,-1,5,-1,-1,-1,-1,-1,-1,2,-1,-1,2,-1,-1,-1,-1,-1,3,1,4,1,2,4,4,2,1,4,3,3,3,2,1,4,3,4,5,1,5,5,4,1,3,1,1,4,1,2,3,1,1,1,1,5,1,232
B,5,W,4,3,iPhone,5,4,4,4,4,4,5,5,5,4,-1,-1,4,-1,-1,-1,-1,-1,-1,-1,4,-1,-1,-1,-1,-1,-1,-1,-1,-1,-1,-1,-1,-1,-1,-1,-1,3,2,4,4,4,5,5,4,4,4,5,5,5,4,1,4,4,4,4,2,3,5,2,4,2,2,2,4,4,4,4,1,1,2,3,5,2,233
B,5,W,1,3,Android ,5,4,-1,4,4,-1,-1,5,4,4,1,1,1,1,1,2,1,1,1,1,1,3,1,1,1,1,1,1,1,1,1,1,1,1,1,1,1,2,1,4,2,3,5,4,1,2,4,4,3,4,-1,1,3,3,3,4,1,1,1,3,1,1,1,2,3,1,4,1,1,1,2,3,4,1,234
B,2,W,1,3,Android ,5,1,2,1,1,3,2,3,2,5,-1,-1,-1,-1,-1,4,-1,-1,-1,-1,-1,-1,-1,-1,-1,-1,5,-1,-1,-1,-1,-1,-1,-1,-1,-1,-1,4,2,5,2,2,3,3,2,2,3,5,3,3,4,5,2,4,4,4,1,1,1,3,1,1,1,3,5,1,2,1,1,1,1,1,3,1,235
B,5,W,1,3,Android ,5,4,3,3,4,4,4,3,3,5,1,1,1,1,1,3,3,1,1,5,1,4,1,1,1,1,1,1,1,1,1,1,1,1,1,1,1,3,1,4,3,4,5,4,1,1,5,5,5,4,1,1,3,3,3,5,1,4,5,5,1,1,1,1,4,3,4,4,1,1,1,1,5,1,236
B,5,W,1,4,iPhone,5,5,3,5,5,5,4,5,4,4,1,1,2,1,5,3,4,1,1,4,1,4,1,1,1,1,1,1,1,1,1,3,1,1,1,1,1,1,4,5,1,1,5,5,1,1,5,4,4,4,1,1,4,3,3,5,2,5,5,2,3,4,1,4,5,1,4,4,1,1,1,4,4,1,237
B,4,W,1,2,Android ,5,5,-1,4,5,4,4,5,4,4,-1,-1,-1,-1,-1,2,-1,-1,-1,-1,-1,-1,-1,-1,-1,-1,-1,-1,-1,1,-1,-1,-1,4,-1,-1,-1,3,1,4,1,3,5,4,3,3,4,5,4,4,-1,1,2,3,4,4,4,4,5,4,4,4,-1,1,5,3,4,4,-1,-1,1,2,5,1,238
B,4,W,1,2,iPhone,5,5,2,5,4,4,5,5,5,5,5,4,1,1,1,1,1,1,1,1,5,5,1,1,1,1,5,1,1,1,1,1,1,4,1,1,1,4,5,5,2,2,5,3,4,4,4,5,4,4,2,1,5,5,4,5,4,4,5,4,1,1,1,1,4,3,4,4,1,1,2,1,5,1,239
B,4,W,1,4,Android ,5,4,1,2,4,5,3,2,3,5,3,4,1,1,1,4,1,1,4,5,1,1,1,1,1,4,1,1,1,1,1,1,1,1,1,1,1,1,1,4,4,2,5,4,3,3,4,5,4,3,2,1,3,4,4,5,3,4,4,4,2,4,1,1,4,2,4,2,2,2,2,4,2,1,240
B,5,M,2,2,iPhone,2,5,3,5,3,2,2,1,1,4,1,1,1,1,1,1,1,1,1,1,4,1,1,1,1,1,1,4,1,1,1,3,1,1,1,1,1,3,2,5,3,5,5,4,3,4,3,5,1,3,1,1,1,1,5,1,1,5,5,5,5,2,1,1,1,1,1,4,1,1,1,4,1,1,241
B,4,M,4,2,iPhone,5,4,2,4,5,5,5,4,4,5,1,5,4,1,1,1,1,4,1,5,3,1,1,1,1,1,1,3,1,1,1,1,1,1,1,1,1,1,1,4,3,2,5,5,3,3,3,5,2,2,2,4,5,3,3,5,2,1,1,5,5,4,1,1,4,1,4,4,1,1,3,4,5,4,242
B,6,W,4,4,iPhone,5,5,5,5,5,5,5,5,5,5,2,2,1,1,4,2,1,1,1,4,1,1,1,3,1,1,1,1,2,3,1,2,1,2,1,1,1,2,2,5,4,2,5,4,4,4,4,4,4,3,2,1,4,3,3,4,3,4,4,3,4,2,2,1,4,1,2,2,1,1,2,4,5,1,243
B,2,M,-999,-999,iPhone,5,2,2,2,4,5,5,5,5,5,1,1,1,1,1,3,1,1,1,1,1,1,1,1,1,1,1,1,1,1,5,1,1,3,1,1,1,1,3,4,4,5,5,3,4,4,4,5,1,3,3,1,5,5,2,5,1,1,5,3,4,3,1,4,3,3,4,3,1,1,2,3,5,1,244
B,3,W,1,3,Android ,5,2,-1,2,5,-1,5,2,3,4,-1,-1,-1,-1,-1,-1,-1,-1,-1,-1,-1,3,-1,-1,-1,-1,-1,-1,-1,-1,-1,-1,-1,-1,-1,-1,-1,3,-1,5,1,2,5,4,-1,-1,4,5,3,3,1,1,3,3,4,5,1,1,3,4,1,2,1,1,4,1,4,2,1,1,2,1,4,1,245
B,5,M,1,4,Android ,5,5,5,5,5,5,5,5,5,5,4,3,1,1,1,1,1,1,1,1,1,1,1,3,1,1,1,1,1,3,1,1,1,1,1,1,1,3,2,3,1,1,4,4,1,4,4,5,3,3,3,1,3,3,3,4,5,4,4,4,1,1,1,1,3,1,4,1,1,1,3,1,5,1,246
B,3,M,2,5,Android ,5,4,1,4,3,-1,4,4,3,4,1,1,1,1,1,1,1,1,1,3,2,3,1,2,1,3,1,2,1,1,1,1,1,1,1,1,1,2,1,NA,NA,NA,NA,NA,NA,NA,NA,NA,NA,NA,NA,NA,NA,NA,NA,NA,NA,NA,NA,NA,NA,NA,NA,NA,NA,NA,NA,NA,NA,NA,NA,NA,NA,NA,247
B,6,M,4,5,Android ,5,5,2,2,5,5,4,5,5,5,2,1,1,1,1,1,1,1,1,1,1,1,1,1,1,1,1,1,1,1,1,1,1,1,1,1,1,4,4,5,4,4,5,4,2,5,5,5,2,4,4,1,5,4,2,5,3,3,5,4,5,3,2,1,4,4,4,4,1,1,2,3,5,1,248
B,4,M,3,4,Android ,5,4,4,4,4,3,-1,4,4,5,3,1,1,1,1,1,1,1,1,5,1,4,1,1,1,1,1,1,1,1,3,1,1,1,1,1,1,3,1,4,2,1,5,5,1,1,5,5,4,3,1,1,5,4,3,5,4,5,5,5,4,1,1,1,4,1,4,4,1,1,3,3,5,2,249
B,6,M,4,4,Android ,5,4,2,2,4,5,5,5,5,5,-1,-1,-1,-1,-1,-1,-1,-1,-1,4,-1,-1,-1,-1,-1,-1,-1,-1,4,-1,5,-1,-1,5,-1,-1,-1,-1,-1,5,4,-1,5,5,5,4,4,5,4,4,4,-1,5,5,5,5,4,5,5,5,5,-1,-1,-1,4,-1,5,-1,-1,-1,3,3,5,-1,250
B,5,M,1,3,Android ,5,5,5,5,5,5,5,5,5,5,5,2,2,2,5,1,1,1,1,1,1,1,1,1,1,1,1,1,1,1,2,1,1,1,1,1,1,3,2,5,5,5,5,5,5,5,5,5,5,5,5,1,2,5,4,5,2,3,4,5,2,2,2,1,2,1,3,3,1,1,5,5,5,5,251
B,3,M,1,3,Mobiltelefon,NA,NA,NA,NA,NA,NA,NA,NA,NA,5,1,1,3,1,1,2,1,1,1,1,1,1,2,1,1,1,1,1,1,1,1,1,1,1,1,1,1,2,1,NA,NA,NA,NA,NA,NA,NA,NA,NA,NA,NA,NA,NA,NA,NA,NA,NA,NA,NA,NA,NA,NA,NA,NA,NA,NA,NA,NA,NA,NA,NA,NA,NA,NA,NA,252
B,5,M,2,4,Android ,5,5,5,5,5,5,5,5,5,1,3,1,1,1,4,1,1,1,1,1,1,3,1,1,1,1,1,1,2,1,1,1,1,1,1,1,1,3,3,4,5,3,5,4,3,3,5,5,1,3,1,1,4,3,4,4,1,1,5,4,4,2,1,1,3,1,4,4,1,1,3,4,5,1,253
B,5,W,2,3,iPhone,5,5,5,5,5,5,5,5,5,5,1,1,1,1,1,1,1,1,1,5,1,3,1,1,1,1,1,1,1,1,1,1,1,1,1,1,1,3,1,4,4,4,5,5,2,2,4,5,5,4,1,1,4,3,2,4,1,1,5,4,4,4,1,3,4,1,4,2,1,1,1,3,5,2,254
B,6,M,4,4,Android ,5,4,4,4,4,5,5,5,5,5,2,1,1,1,1,1,1,1,1,5,1,1,1,1,4,1,1,1,2,1,3,1,1,1,3,4,1,4,4,4,5,5,5,5,2,4,5,5,5,1,1,4,4,3,4,5,2,5,5,5,5,2,2,3,5,5,5,5,1,4,3,3,5,2,255
B,6,M,4,3,Android ,5,5,-1,5,5,5,3,4,4,5,1,1,1,1,1,2,2,1,1,4,1,3,1,4,1,3,1,1,4,2,1,1,1,1,1,1,1,4,2,4,3,4,5,4,2,4,4,5,5,3,2,2,3,4,4,4,4,3,3,5,4,1,1,1,3,3,5,4,1,1,2,4,5,2,256
B,5,W,4,3,Android ,5,5,1,5,5,5,4,4,5,5,-1,-1,-1,-1,-1,3,-1,-1,-1,4,-1,-1,-1,-1,-1,3,-1,-1,-1,-1,-1,-1,-1,-1,-1,-1,-1,3,4,5,5,5,5,5,3,5,3,5,1,3,1,1,1,4,4,4,1,1,1,3,1,1,1,3,5,3,5,5,2,1,1,4,5,3,257
B,6,M,4,4,iPhone,3,5,4,5,5,2,3,2,4,5,-1,-1,5,-1,-1,3,4,-1,-1,5,-1,3,-1,-1,-1,-1,-1,-1,2,-1,-1,-1,-1,2,-1,-1,-1,2,1,4,2,3,5,3,4,3,4,5,4,3,2,2,3,2,2,5,2,4,4,4,3,2,1,2,3,1,5,2,1,1,2,1,5,1,258
B,3,M,2,2,Android ,5,5,3,4,4,4,4,4,4,5,-1,-1,-1,-1,-1,-1,-1,-1,-1,-1,-1,-1,-1,2,-1,2,-1,-1,-1,-1,-1,-1,-1,-1,-1,-1,-1,3,2,5,3,2,5,4,2,2,3,5,3,2,1,2,1,4,4,5,2,1,4,4,5,2,1,1,3,1,4,4,1,1,2,3,5,2,259
B,3,W,1,1,iPhone,5,5,1,5,4,5,1,1,1,5,1,1,1,1,1,1,1,1,1,1,1,1,1,1,1,4,1,1,1,1,1,1,1,1,1,1,1,4,4,5,4,5,5,3,5,5,2,5,2,2,1,1,1,4,3,5,1,1,5,1,1,3,1,1,5,1,3,3,1,1,2,5,5,3,260
B,6,M,-999,-999,Andere,5,5,2,3,5,5,5,5,4,5,5,5,-1,-1,-1,-1,-1,-1,-1,5,-1,-1,-1,-1,-1,-1,4,-1,-1,-1,-1,-1,-1,-1,-1,-1,-1,4,-1,NA,NA,NA,NA,NA,NA,NA,NA,NA,NA,NA,NA,NA,NA,NA,NA,NA,NA,NA,NA,NA,NA,NA,NA,NA,NA,NA,NA,NA,NA,NA,NA,NA,NA,NA,261
B,4,W,2,3,iPhone,5,3,2,3,5,5,5,5,5,5,1,1,5,1,1,1,1,5,5,4,4,1,2,1,1,3,1,1,1,1,1,1,1,3,1,1,1,4,3,5,4,3,5,4,4,4,4,5,4,3,3,2,2,3,3,5,1,5,5,5,3,3,1,3,5,1,3,3,1,1,5,3,5,3,262
B,6,M,4,5,iPhone,5,5,1,4,4,5,4,3,1,5,5,1,1,1,1,4,1,1,1,1,1,1,1,1,4,5,1,1,1,1,1,1,1,1,1,1,1,3,1,4,4,2,5,4,3,4,3,5,4,4,4,1,4,5,4,4,5,4,5,5,5,1,1,1,4,1,5,5,1,1,4,4,5,1,263
B,4,W,1,1,Android ,5,4,2,4,3,2,1,5,5,5,1,1,1,1,1,2,1,1,1,1,1,5,1,1,1,1,1,1,1,1,1,1,1,1,1,1,1,4,1,4,1,1,5,1,2,1,1,5,1,4,1,1,4,4,4,4,2,1,2,2,2,2,1,1,4,1,4,1,1,1,1,2,5,1,264
B,4,W,2,4,Android ,5,4,1,4,3,5,2,1,2,5,-1,-1,-1,-1,-1,-1,-1,-1,-1,-1,-1,-1,4,-1,-1,2,-1,-1,-1,-1,3,-1,-1,5,-1,-1,-1,3,1,4,2,-1,5,5,5,5,1,5,1,1,1,1,5,4,4,5,1,1,1,5,4,5,1,1,4,1,4,3,1,-1,2,4,3,1,265
B,5,M,1,1,Android ,5,4,2,5,5,4,5,4,4,-1,-1,5,-1,-1,5,3,-1,-1,-1,5,-1,5,-1,-1,-1,3,-1,-1,4,-1,-1,-1,-1,-1,-1,-1,-1,4,1,4,4,1,5,5,3,4,1,5,3,1,2,1,1,5,5,5,4,4,4,5,5,3,-1,1,3,1,5,4,1,1,4,4,5,1,266
B,4,W,1,3,Andere,5,4,2,2,4,5,5,2,4,5,1,1,1,1,1,1,1,1,1,2,1,1,1,1,1,1,1,1,1,1,1,1,1,2,1,1,1,4,2,4,2,2,5,4,2,4,5,5,5,5,5,1,1,4,4,5,1,4,5,5,1,3,1,5,4,2,4,1,1,1,2,3,5,1,267
B,4,M,2,1,iPhone,5,5,3,5,5,5,5,5,2,5,2,1,1,1,5,1,1,1,1,1,1,5,1,1,1,2,1,1,1,1,1,3,1,1,1,1,1,1,4,5,5,2,5,5,4,4,5,5,2,5,2,1,4,4,4,5,1,4,1,5,4,4,1,2,3,1,4,5,1,1,2,5,5,1,268
B,5,M,4,4,Android ,5,5,5,5,5,5,-1,4,5,5,-1,2,5,-1,-1,-1,-1,-1,-1,-1,-1,-1,-1,-1,-1,3,-1,-1,-1,-1,-1,-1,3,4,-1,-1,-1,4,2,5,3,3,5,5,4,4,5,5,5,5,1,1,3,4,3,5,5,2,5,4,4,3,1,1,4,1,3,3,2,1,2,4,5,1,269
B,4,W,2,3,iPhone,5,5,-1,5,4,5,5,5,5,5,1,1,1,1,1,3,1,1,1,1,1,1,1,1,1,1,1,1,1,1,1,1,1,1,1,1,1,1,1,4,2,3,5,3,1,3,4,5,1,2,1,1,1,4,4,5,4,5,5,4,5,1,1,1,4,1,5,2,1,1,1,3,5,1,270
B,3,M,2,3,Android ,5,5,3,5,5,5,5,5,5,5,4,2,1,1,1,1,1,1,1,1,1,1,1,1,1,1,1,1,1,1,1,1,1,1,1,1,1,4,1,5,4,1,5,4,2,2,3,5,4,4,1,1,1,4,4,4,4,4,4,4,4,4,1,1,4,1,5,5,1,1,1,4,4,1,271
B,6,M,3,4,iPhone,5,5,1,5,5,5,5,5,5,4,5,1,2,1,1,1,1,1,1,1,1,4,1,1,1,1,1,1,1,1,3,3,1,1,1,1,1,4,1,4,3,4,5,5,4,5,4,4,5,4,4,5,4,5,5,5,2,3,5,5,3,2,1,1,5,4,4,4,1,4,3,4,5,2,272
B,5,M,4,5,iPhone,5,4,3,4,4,5,4,4,5,5,1,1,5,1,1,1,1,1,1,4,1,1,1,1,1,1,1,1,1,1,1,5,1,1,1,1,1,4,1,5,4,4,5,5,2,3,5,5,4,4,3,1,5,3,3,5,2,4,5,4,5,2,1,2,5,1,4,4,1,1,3,4,5,1,273
B,7,M,1,1,iPhone,5,5,1,5,5,5,5,5,5,5,5,1,1,1,3,1,1,1,3,5,4,1,1,1,1,1,1,1,5,1,1,1,4,1,1,1,1,4,3,5,5,3,5,4,1,3,5,5,3,5,1,1,5,4,3,5,4,5,5,5,5,5,3,3,5,4,4,3,1,1,1,4,5,1,274
B,5,W,3,3,iPhone,5,4,4,3,4,5,-1,4,3,4,3,1,1,1,1,2,1,1,1,4,3,2,1,1,1,4,1,1,1,1,1,1,1,2,1,1,1,3,1,5,3,4,5,4,1,2,1,4,1,4,1,1,3,4,3,5,2,4,4,4,5,3,1,1,5,1,4,4,1,1,1,3,5,1,275
B,5,M,3,2,Android ,5,4,3,3,3,4,4,4,4,5,-1,-1,-1,-1,-1,-1,-1,-1,-1,-1,-1,-1,-1,-1,-1,2,-1,-1,-1,-1,-1,-1,-1,-1,-1,-1,-1,-1,-1,-1,-1,-1,-1,5,-1,-1,-1,-1,-1,5,5,-1,-1,-1,2,3,-1,-1,1,5,-1,-1,-1,3,-1,-1,-1,5,-1,-1,-1,-1,-1,-1,276
B,6,W,1,4,Android ,5,4,3,4,4,5,-1,3,3,5,1,1,4,1,1,2,2,5,1,1,1,1,2,1,1,1,1,1,1,1,4,1,1,1,1,1,1,3,2,3,2,3,5,5,4,3,4,5,1,1,1,1,4,4,4,5,3,1,5,4,4,4,3,4,4,2,4,2,1,1,1,3,5,3,277
B,3,W,1,4,Android ,5,5,5,5,5,4,3,5,5,5,1,1,1,1,1,1,1,1,1,4,1,4,1,1,1,3,1,1,1,1,1,1,1,1,1,1,1,4,4,4,5,5,5,4,4,3,1,5,1,4,1,2,5,5,4,5,4,5,5,4,5,5,1,4,4,3,5,4,1,1,3,4,5,1,278
B,4,M,4,4,Android ,5,5,5,5,5,5,4,5,5,1,5,1,3,1,5,3,1,1,1,4,1,1,1,1,3,1,1,1,1,1,1,1,1,1,1,1,1,3,1,5,4,3,5,5,2,2,5,5,5,5,3,3,3,3,4,4,3,3,5,5,3,5,5,5,5,5,4,1,1,1,4,4,5,1,279
B,3,W,1,5,Android ,5,4,4,3,4,3,3,2,2,5,1,1,1,1,1,4,1,1,1,1,1,1,1,1,1,1,1,1,1,1,1,1,1,1,1,1,1,4,3,4,1,3,5,5,4,4,4,5,3,3,1,1,3,4,5,5,1,2,4,3,3,1,1,5,4,1,4,4,1,1,2,2,4,1,280
B,6,W,3,3,iPhone,5,4,3,4,5,5,5,4,5,5,1,5,4,1,1,1,1,1,1,5,1,5,1,1,1,4,1,1,1,1,1,1,1,4,1,4,1,3,3,5,3,5,5,4,3,3,5,5,3,4,3,3,2,2,4,5,1,5,5,5,4,4,2,1,4,2,4,3,1,2,3,4,5,3,281
B,4,M,2,3,iPhone,5,5,2,5,5,4,5,3,2,5,2,5,5,1,5,1,1,5,5,5,1,1,1,1,1,4,5,1,1,1,1,1,1,1,1,1,1,3,3,5,4,1,5,5,3,4,5,5,1,3,3,1,2,4,4,4,1,4,4,4,3,3,2,2,1,1,4,4,1,1,3,3,1,1,282
B,5,W,3,4,iPhone,5,5,3,4,5,5,5,5,4,5,4,4,4,1,5,1,1,1,1,2,4,1,1,1,1,2,5,1,1,1,1,1,1,-1,1,1,1,3,2,5,2,2,5,5,-1,2,5,5,4,4,1,1,5,4,3,5,3,5,5,4,3,2,2,2,5,4,5,5,1,4,3,3,5,3,283
B,6,M,2,5,Android ,5,5,-1,2,4,-1,2,5,4,5,3,5,-1,-1,-1,-1,-1,-1,-1,-1,-1,-1,-1,-1,-1,-1,-1,-1,2,-1,-1,-1,-1,-1,-1,-1,-1,3,-1,5,4,4,5,5,4,4,5,5,5,5,5,1,4,5,4,5,4,4,3,5,4,4,3,2,5,4,5,2,4,1,2,3,5,1,284
B,5,M,3,3,Android ,5,5,4,4,5,5,5,5,3,5,5,-1,-1,-1,-1,3,-1,-1,-1,4,-1,4,-1,3,-1,-1,-1,-1,3,2,-1,-1,2,-1,-1,-1,-1,3,-1,4,4,4,5,5,3,3,5,5,2,3,2,1,3,3,3,5,4,4,5,5,2,4,-1,-1,5,-1,5,4,-1,-1,3,4,5,-1,285
B,4,M,2,5,Android ,5,4,3,3,4,4,5,5,4,5,1,1,1,1,1,1,1,1,1,1,1,1,1,1,1,1,1,1,1,1,1,1,1,1,1,1,-1,4,2,5,2,1,5,5,4,5,4,5,2,3,1,1,4,3,3,5,4,1,2,5,3,2,1,1,4,2,4,4,1,1,1,4,5,4,286
B,4,W,1,5,Android ,5,4,2,3,4,-1,-1,1,3,4,2,1,1,1,1,2,2,1,1,1,1,1,1,1,1,2,1,1,1,1,3,1,1,2,1,1,1,3,4,3,2,1,5,4,3,4,4,2,3,4,1,1,1,2,2,2,3,2,4,4,4,1,1,1,5,2,4,2,1,1,1,4,4,3,287
B,6,M,1,5,Android ,5,5,5,5,5,5,5,5,5,4,3,1,5,1,1,1,1,1,1,5,5,1,1,1,1,1,1,1,1,1,1,1,1,1,1,1,1,3,3,5,2,1,5,4,4,4,5,5,4,3,1,1,1,1,2,4,1,1,2,5,1,4,1,3,4,1,4,4,1,1,2,3,5,1,288
B,5,W,1,4,Android ,5,4,1,4,4,5,5,4,3,5,-1,-1,-1,-1,-1,1,-1,-1,-1,5,-1,-1,-1,-1,-1,-1,-1,-1,-1,-1,-1,-1,-1,-1,-1,-1,-1,4,-1,4,3,4,5,4,4,4,5,4,-1,-1,-1,-1,4,4,4,4,-1,-1,5,5,4,4,-1,-1,4,3,4,4,-1,-1,-1,-1,5,-1,289
B,5,W,1,2,iPhone,5,4,1,4,4,5,5,5,1,5,1,1,1,1,1,4,3,1,1,1,1,1,1,1,1,1,1,1,1,1,1,1,1,1,1,1,1,5,1,4,4,4,5,5,2,4,1,3,4,4,1,1,5,3,4,5,4,1,5,4,4,4,1,1,4,4,4,1,1,1,1,3,5,1,290
B,6,M,2,2,iPhone,5,5,5,5,5,5,5,4,5,5,5,4,2,3,1,1,1,1,1,1,1,5,5,1,1,1,1,1,1,1,1,1,1,1,1,1,1,5,5,3,2,3,5,4,3,2,2,5,2,4,2,3,2,2,2,5,3,5,4,5,4,2,4,2,3,2,2,2,2,3,2,5,4,4,291
B,6,W,2,5,iPhone,5,3,5,5,5,5,3,5,4,5,5,5,1,1,1,5,1,1,1,1,1,1,5,1,1,1,1,1,1,1,1,1,1,1,1,1,1,5,1,5,5,5,5,5,5,5,5,5,5,5,5,1,5,5,3,5,2,4,4,5,3,1,1,1,4,4,5,5,5,1,3,4,5,2,292
B,3,W,1,3,Android ,5,5,1,5,3,5,5,5,4,4,1,1,1,1,1,1,1,1,1,5,4,4,1,1,1,1,1,1,1,1,1,1,1,3,1,1,1,4,4,5,2,2,5,5,3,2,2,5,2,3,2,2,2,4,5,5,1,1,3,5,3,4,1,1,4,2,5,2,1,2,3,3,4,3,293
B,7,M,4,5,Android ,4,5,1,5,5,5,4,5,4,4,5,5,3,1,1,3,2,2,1,5,4,5,1,2,2,3,1,1,1,1,1,1,1,1,1,1,3,3,2,4,4,1,5,4,3,3,5,5,4,4,1,1,3,4,4,5,5,3,5,4,4,1,2,2,5,2,4,1,1,1,2,4,5,2,294
B,4,W,3,4,Android ,5,5,4,5,5,5,5,5,1,5,-1,-1,-1,4,-1,1,-1,-1,-1,5,-1,4,-1,-1,-1,3,4,-1,-1,-1,-1,-1,-1,-1,-1,-1,-1,4,3,4,3,1,5,5,5,5,5,5,5,4,1,1,5,4,4,5,5,3,2,5,4,1,1,1,5,2,5,1,1,1,3,1,5,1,295
B,5,M,4,4,Android ,5,5,-1,5,4,5,-1,4,4,5,4,-1,4,-1,-1,2,3,-1,-1,4,-1,4,-1,4,-1,-1,-1,-1,4,-1,4,-1,-1,-1,-1,-1,-1,3,-1,3,2,2,4,5,4,4,4,5,4,4,4,1,4,3,3,4,4,2,3,5,4,3,4,4,4,1,4,4,1,-1,3,3,5,4,296
B,4,M,3,2,iPhone,5,4,4,4,5,5,5,5,4,5,1,1,4,1,1,1,1,1,1,5,1,1,1,1,1,1,5,1,1,1,1,1,1,4,1,1,1,3,2,4,5,1,5,4,3,4,4,5,4,3,1,1,5,4,4,5,2,5,5,5,5,4,2,1,1,1,4,2,1,2,3,3,5,2,297
B,5,W,3,3,Android ,5,4,3,4,4,5,5,4,4,4,1,1,1,1,1,1,1,1,1,1,1,1,1,1,1,1,1,1,1,1,1,1,1,1,1,1,1,4,4,4,3,4,5,4,2,2,4,5,4,5,-1,1,3,4,3,4,1,1,4,4,3,4,1,3,2,1,4,2,1,1,3,3,5,1,298
B,5,M,4,2,Android ,5,4,4,4,5,5,5,5,5,5,-1,-1,-1,-1,-1,-1,-1,-1,-1,-1,4,-1,-1,4,-1,-1,-1,-1,4,-1,4,-1,-1,5,-1,-1,-1,-1,4,5,4,5,5,5,4,4,5,5,5,4,4,3,5,5,4,5,5,5,5,5,5,5,-1,4,5,3,3,3,3,3,3,4,5,-1,299
B,6,M,2,2,iPhone,2,5,4,4,5,4,3,3,2,5,1,1,1,1,1,1,1,1,1,5,1,1,1,1,1,1,1,1,3,1,1,1,2,1,1,1,1,1,1,3,2,4,5,1,2,4,4,4,4,4,2,1,3,4,4,4,1,4,5,4,3,1,1,1,1,1,4,4,1,1,2,1,5,1,300
B,7,M,4,5,Android ,5,5,1,5,5,5,5,5,5,-1,-1,3,5,-1,-1,3,5,-1,-1,4,-1,4,-1,-1,-1,-1,-1,2,-1,-1,-1,-1,4,-1,-1,-1,-1,-1,-1,5,3,1,5,4,1,1,5,5,5,4,4,1,3,5,4,5,5,3,5,5,2,2,1,1,4,3,4,4,1,1,4,4,5,1,301
B,4,M,2,4,iPhone,5,5,1,5,3,-1,3,1,1,5,-1,-1,-1,-1,-1,4,-1,-1,-1,4,4,-1,-1,-1,-1,-1,-1,-1,-1,-1,-1,-1,-1,3,-1,-1,-1,-1,3,5,4,4,5,5,1,4,5,5,1,1,1,1,1,4,4,5,1,5,5,5,5,4,1,1,5,3,5,4,1,1,1,4,5,1,302
B,5,W,2,2,Android ,5,5,2,5,5,5,-1,5,1,5,1,1,5,1,1,1,1,1,1,5,1,1,1,1,1,1,1,1,1,1,1,1,1,1,1,1,1,3,-1,3,5,5,5,4,-1,4,5,5,4,5,1,1,1,4,4,5,1,5,5,4,5,1,1,1,5,1,5,5,1,1,3,5,5,1,303
B,5,W,4,3,iPhone,5,5,5,5,5,5,1,5,1,5,1,1,1,1,1,1,2,1,1,5,1,4,1,1,1,3,1,1,1,1,1,1,1,1,1,1,1,3,1,4,3,2,5,5,3,3,1,5,1,1,1,1,4,3,3,4,2,5,5,4,4,3,2,1,3,1,4,3,1,1,3,1,5,1,304
B,3,W,2,1,Android ,5,2,1,2,4,4,2,2,4,5,-1,-1,-1,-1,-1,-1,-1,-1,-1,-1,-1,-1,-1,-1,-1,-1,-1,-1,-1,-1,-1,-1,-1,-1,-1,-1,-1,5,-1,4,4,4,5,4,2,2,4,5,5,4,3,1,1,1,1,5,1,2,3,2,2,2,2,2,2,2,4,2,2,2,2,5,2,2,305
B,5,W,1,2,Mobiltelefon,NA,NA,NA,NA,NA,NA,NA,NA,NA,5,1,1,1,1,1,1,1,1,1,1,1,5,1,1,1,3,1,1,1,1,1,1,1,1,1,1,1,3,-1,NA,NA,NA,NA,NA,NA,NA,NA,NA,NA,NA,NA,NA,NA,NA,NA,NA,NA,NA,NA,NA,NA,NA,NA,NA,NA,NA,NA,NA,NA,NA,NA,NA,NA,NA,306
B,5,K,1,1,Mobiltelefon,NA,NA,NA,NA,NA,NA,NA,NA,NA,5,3,-1,1,1,1,4,1,1,1,1,1,4,5,1,1,1,5,1,1,1,1,1,1,4,1,1,-1,4,3,NA,NA,NA,NA,NA,NA,NA,NA,NA,NA,NA,NA,NA,NA,NA,NA,NA,NA,NA,NA,NA,NA,NA,NA,NA,NA,NA,NA,NA,NA,NA,NA,NA,NA,NA,307
B,4,M,6,3,Android ,5,5,-1,5,3,4,4,4,4,5,-1,-1,-1,-1,-1,-1,-1,-1,-1,-1,-1,-1,-1,-1,-1,-1,-1,-1,5,-1,-1,-1,-1,5,-1,-1,-1,-1,-1,NA,NA,NA,NA,NA,NA,NA,NA,NA,NA,NA,NA,NA,NA,NA,NA,NA,NA,NA,NA,NA,NA,NA,NA,NA,NA,NA,NA,NA,NA,NA,NA,NA,NA,NA,308
B,3,M,3,4,iPhone,5,2,4,2,5,4,4,4,4,4,-1,-1,4,-1,-1,4,-1,-1,4,-1,3,-1,-1,-1,2,3,-1,-1,-1,-1,-1,-1,-1,4,-1,-1,-1,4,-1,4,2,-1,5,4,3,3,4,5,4,3,3,-1,3,3,3,5,-1,5,5,3,2,3,-1,-1,5,-1,4,-1,-1,-1,3,4,4,-1,309
B,6,W,3,6,Android ,4,2,-1,2,1,3,2,2,1,5,2,-1,4,-1,-1,-1,3,-1,-1,-1,-1,3,5,-1,-1,-1,-1,-1,-1,-1,-1,-1,-1,5,-1,-1,-1,2,-1,3,2,1,5,5,-1,2,4,1,4,3,3,1,1,2,2,5,2,1,3,2,1,1,1,1,3,1,4,4,-1,-1,3,-1,-1,-1,310
B,3,W,1,2,Android ,5,5,3,5,5,5,5,5,5,4,-1,-1,-1,-1,-1,3,-1,-1,-1,-1,-1,-1,-1,-1,-1,2,-1,-1,-1,-1,-1,-1,-1,-1,-1,-1,-1,2,2,2,4,4,5,4,1,1,1,4,1,2,1,1,1,3,3,4,1,2,4,2,1,3,1,3,4,4,4,2,1,1,1,3,4,1,311
B,2,W,2,3,iPhone,5,4,1,4,4,2,2,2,2,5,5,-1,2,-1,-1,-1,2,-1,-1,-1,-1,-1,-1,-1,-1,3,-1,-1,-1,-1,-1,-1,-1,-1,-1,-1,-1,4,2,5,1,1,5,5,1,1,4,2,2,5,1,1,1,4,4,5,1,5,5,5,2,3,1,1,5,1,2,2,1,1,1,1,5,1,312
B,5,W,1,4,iPhone,5,5,4,5,5,5,5,4,4,5,1,1,1,1,1,2,1,1,1,1,1,1,3,1,1,1,1,1,1,1,3,1,1,1,1,1,1,3,1,3,1,4,5,5,1,3,1,5,1,4,1,1,1,3,3,4,1,5,5,1,1,1,1,1,4,3,5,4,1,1,1,3,5,1,313
B,3,M,2,5,Android ,5,5,3,5,5,5,5,5,4,4,4,4,3,3,3,3,4,2,1,3,2,2,2,1,1,4,1,1,3,1,3,2,1,2,1,1,1,3,3,4,4,4,4,4,3,4,3,5,4,4,3,1,4,4,3,5,3,3,4,4,4,3,3,3,4,4,4,3,2,1,3,4,5,3,314
B,4,M,1,4,Android ,3,4,4,4,3,2,1,4,2,5,3,2,-1,-1,-1,3,2,-1,-1,4,-1,4,-1,-1,-1,4,-1,-1,-1,-1,-1,-1,-1,-1,-1,-1,-1,3,3,5,4,4,5,4,3,4,4,4,4,4,1,1,5,2,2,5,4,3,4,4,1,1,2,1,3,2,5,5,1,1,2,1,4,2,315
B,4,M,1,3,iPhone,-1,-1,-1,-1,-1,-1,-1,-1,-1,-1,5,1,-1,1,1,1,1,1,1,1,1,4,1,1,1,5,1,3,1,1,1,1,1,1,1,1,1,4,4,-1,5,4,-1,-1,5,5,-1,-1,-1,5,5,1,-1,5,5,-1,2,5,5,-1,5,2,2,2,-1,3,5,4,1,1,5,5,-1,2,316
B,4,M,2,2,Android ,5,5,2,5,5,5,1,5,3,5,1,1,1,1,1,4,1,1,5,1,5,1,1,1,1,4,1,1,1,1,1,1,1,1,1,1,1,5,1,3,2,1,5,4,3,3,5,5,3,4,1,1,3,4,3,5,5,5,4,4,3,3,1,3,4,2,4,2,2,1,3,4,5,2,317
B,5,M,4,1,Android ,5,4,2,4,4,4,5,4,4,2,4,1,1,1,4,1,1,1,2,5,4,1,1,1,2,3,1,1,1,1,1,1,1,1,1,1,1,2,1,5,3,5,5,4,3,3,3,5,3,4,1,1,1,3,4,5,4,5,5,5,5,4,1,3,5,5,4,3,1,1,2,4,5,1,318
B,4,M,2,1,Android ,5,5,1,5,4,3,1,2,1,5,5,5,1,1,1,1,5,1,1,4,1,4,1,1,1,4,1,2,1,1,1,1,1,1,1,1,1,4,4,5,5,4,5,5,1,4,5,5,5,5,5,1,1,4,4,5,3,1,5,4,4,3,5,1,5,1,5,4,1,1,4,4,5,1,319
B,4,M,2,2,Android ,5,4,4,4,4,4,4,4,4,5,4,2,1,1,1,1,1,1,1,1,1,3,1,1,1,4,1,1,1,1,1,1,1,1,1,1,1,5,4,5,-1,-1,5,5,-1,-1,5,5,4,4,4,-1,4,4,4,4,3,-1,3,3,-1,3,-1,-1,3,-1,3,3,-1,-1,-1,-1,4,-1,320
B,5,M,3,4,iPhone,5,4,4,4,5,5,4,5,5,5,-1,-1,-1,-1,-1,-1,-1,-1,4,-1,-1,4,-1,-1,-1,-1,-1,4,-1,-1,-1,4,-1,-1,-1,-1,-1,-1,-1,4,4,-1,5,5,-1,4,4,5,4,4,4,-1,5,4,4,5,4,5,5,5,5,5,3,3,-1,-1,4,4,-1,-1,3,4,5,4,321
B,5,W,5,5,Android ,5,3,1,1,5,4,-1,5,2,3,3,1,5,1,1,1,2,1,1,4,1,3,1,1,1,1,1,1,1,4,1,5,1,4,5,5,1,4,1,4,3,2,5,5,4,3,5,5,3,5,1,5,5,4,4,5,4,5,5,5,5,4,2,4,4,2,4,4,4,5,2,4,3,1,322
B,3,M,4,2,iPhone,4,4,2,3,3,4,3,4,2,4,3,1,1,1,1,1,1,1,1,4,1,1,1,1,1,1,1,1,1,1,1,3,1,1,1,1,1,3,2,4,3,3,3,3,4,4,3,3,3,5,1,1,3,4,2,5,2,3,3,3,4,5,2,4,4,4,5,-1,1,1,2,4,5,1,323
B,4,W,2,2,iPhone,5,4,1,5,5,5,5,5,5,5,1,1,1,1,1,1,1,1,1,1,1,1,1,1,1,1,1,1,1,1,1,1,1,1,1,1,1,4,3,5,3,5,5,5,3,1,4,5,4,4,4,1,2,4,4,5,1,4,5,1,1,3,1,3,5,1,5,4,1,1,2,4,5,1,324
B,4,M,1,3,Android ,5,4,1,1,4,4,4,4,5,5,1,1,1,1,1,1,1,1,1,5,1,1,1,1,1,1,1,1,1,1,1,1,1,1,1,1,1,3,4,5,4,1,5,5,1,1,5,5,1,4,1,1,5,3,2,5,2,1,1,4,4,2,1,4,3,1,5,1,1,1,1,4,5,1,325
B,4,W,1,1,Android ,4,5,1,5,1,5,1,2,3,5,3,1,1,4,1,1,1,1,1,1,1,3,1,1,1,2,1,1,1,1,1,1,1,1,1,1,1,3,3,4,4,2,4,4,1,3,4,4,4,4,1,1,4,4,4,4,1,1,2,4,3,4,3,3,4,2,4,1,1,1,2,3,4,1,326